run_index,fixture_id,backend,total_ms,alloc_ms,encode_ms,draw_ms,readback_ms,pack_ms,dominant_phase,heap_bytes,decode_checked,decode_pass,code128,qr,ink_bits
1,baseline-50x30,dot-buffer,33.753,0.228,13.764,2.762,0.002,16.997,pack,29360128,1,1,BASELINE50X30,https://sez.print/baseline,76204
2,text-heavy,dot-buffer,31.911,2.223,0.000,9.058,0.001,20.630,pack,29360128,1,1,,,133472
3,dense,dot-buffer,36.247,0.160,16.146,3.342,0.001,16.598,pack,29360128,1,1,BASELINE50X30,https://sez.print/baseline,71626
4,minimal,dot-buffer,12.242,0.220,0.000,0.051,0.001,11.969,pack,29360128,1,1,,,5184
5,barcode-small,dot-buffer,30.911,0.235,15.119,1.789,0.001,13.767,encode,29360128,1,1,BASELINE50X30,https://sez.print/baseline,28736
6,baseline-50x30,dot-buffer,35.296,0.180,15.452,2.845,0.001,16.818,pack,29360128,0,,,,
7,text-heavy,dot-buffer,30.135,0.190,0.000,9.235,0.001,20.709,pack,29360128,0,,,,
8,dense,dot-buffer,34.452,0.162,15.094,2.497,0.001,16.697,pack,29360128,0,,,,
9,minimal,dot-buffer,12.075,0.222,0.000,0.050,0.001,11.802,pack,29360128,0,,,,
10,barcode-small,dot-buffer,29.474,0.218,13.695,1.760,0.001,13.799,pack,29360128,0,,,,
11,baseline-50x30,dot-buffer,37.735,0.128,17.077,2.799,0.001,17.730,pack,29360128,0,,,,
12,text-heavy,dot-buffer,29.874,0.151,0.000,9.030,0.001,20.692,pack,29360128,0,,,,
13,dense,dot-buffer,34.568,0.161,13.489,4.310,0.002,16.606,pack,29360128,0,,,,
14,minimal,dot-buffer,12.035,0.160,0.000,0.047,0.001,11.827,pack,29360128,0,,,,
15,barcode-small,dot-buffer,29.823,0.161,13.701,1.748,0.001,14.212,pack,29360128,0,,,,
16,baseline-50x30,dot-buffer,35.445,0.179,15.408,2.821,0.001,17.035,pack,29360128,0,,,,
17,text-heavy,dot-buffer,29.923,0.180,0.000,9.088,0.001,20.654,pack,29360128,0,,,,
18,dense,dot-buffer,35.069,0.180,15.226,2.479,0.001,17.184,pack,29360128,0,,,,
19,minimal,dot-buffer,12.068,0.161,0.000,0.051,0.001,11.855,pack,29360128,0,,,,
20,barcode-small,dot-buffer,29.290,0.171,13.633,1.926,0.001,13.558,encode,29360128,0,,,,
21,baseline-50x30,dot-buffer,33.461,0.171,13.625,2.829,0.001,16.834,pack,29360128,0,,,,
22,text-heavy,dot-buffer,29.874,0.152,0.000,9.042,0.001,20.679,pack,29360128,0,,,,
23,dense,dot-buffer,34.866,0.144,15.597,2.476,0.001,16.648,pack,29360128,0,,,,
24,minimal,dot-buffer,12.035,0.174,0.000,0.048,0.001,11.812,pack,29360128,0,,,,
25,barcode-small,dot-buffer,30.758,0.138,15.231,1.749,0.001,13.639,encode,29360128,0,,,,
26,baseline-50x30,dot-buffer,33.611,0.133,13.709,2.831,0.001,16.938,pack,29360128,0,,,,
27,text-heavy,dot-buffer,30.060,0.138,0.000,9.097,0.001,20.824,pack,29360128,0,,,,
28,dense,dot-buffer,34.205,0.143,14.918,2.565,0.001,16.579,pack,29360128,0,,,,
29,minimal,dot-buffer,12.261,0.158,0.000,0.059,0.001,12.044,pack,29360128,0,,,,
30,barcode-small,dot-buffer,30.567,0.195,15.050,1.753,0.001,13.567,encode,29360128,0,,,,
31,baseline-50x30,dot-buffer,34.373,0.156,14.327,2.845,0.001,17.044,pack,29360128,0,,,,
32,text-heavy,dot-buffer,31.485,0.134,0.000,10.702,0.001,20.648,pack,29360128,0,,,,
33,dense,dot-buffer,32.932,0.140,13.605,2.528,0.001,16.659,pack,29360128,0,,,,
34,minimal,dot-buffer,12.168,0.133,0.000,0.043,0.001,11.991,pack,29360128,0,,,,
35,barcode-small,dot-buffer,30.687,0.154,15.204,1.750,0.001,13.579,encode,29360128,0,,,,
36,baseline-50x30,dot-buffer,35.277,0.184,13.664,4.412,0.001,17.015,pack,29360128,0,,,,
37,text-heavy,dot-buffer,29.853,0.140,0.000,9.102,0.001,20.610,pack,29360128,0,,,,
38,dense,dot-buffer,32.893,0.138,13.634,2.460,0.001,16.659,pack,29360128,0,,,,
39,minimal,dot-buffer,12.213,0.138,0.000,0.041,0.001,12.034,pack,29360128,0,,,,
40,barcode-small,dot-buffer,30.678,0.134,15.055,1.805,0.001,13.683,encode,29360128,0,,,,
41,baseline-50x30,dot-buffer,35.610,0.195,15.651,2.827,0.001,16.935,pack,29360128,0,,,,
42,text-heavy,dot-buffer,30.075,0.219,0.000,9.053,0.001,20.802,pack,29360128,0,,,,
43,dense,dot-buffer,33.041,0.139,13.734,2.484,0.001,16.683,pack,29360128,0,,,,
44,minimal,dot-buffer,12.141,0.144,0.000,0.046,0.001,11.949,pack,29360128,0,,,,
45,barcode-small,dot-buffer,30.626,0.140,15.155,1.757,0.001,13.574,encode,29360128,0,,,,
46,baseline-50x30,dot-buffer,34.674,0.177,15.014,2.744,0.001,16.738,pack,29360128,0,,,,
47,text-heavy,dot-buffer,29.895,0.161,0.000,9.174,0.001,20.558,pack,29360128,0,,,,
48,dense,dot-buffer,33.151,0.140,13.796,2.482,0.001,16.731,pack,29360128,0,,,,
49,minimal,dot-buffer,13.369,1.443,0.000,0.053,0.001,11.872,pack,29360128,0,,,,
50,barcode-small,dot-buffer,29.097,0.202,13.502,1.793,0.001,13.599,pack,29360128,0,,,,
51,baseline-50x30,dot-buffer,37.295,3.866,13.566,2.949,0.001,16.913,pack,33554432,0,,,,
52,text-heavy,dot-buffer,29.909,0.140,0.000,9.124,0.001,20.644,pack,33554432,0,,,,
53,dense,dot-buffer,35.051,0.151,15.846,2.567,0.001,16.487,pack,33554432,0,,,,
54,minimal,dot-buffer,12.110,0.153,0.000,0.047,0.001,11.909,pack,33554432,0,,,,
55,barcode-small,dot-buffer,31.059,0.159,15.564,1.784,0.001,13.551,encode,33554432,0,,,,
56,baseline-50x30,dot-buffer,33.585,0.156,13.609,2.785,0.001,17.034,pack,33554432,0,,,,
57,text-heavy,dot-buffer,30.577,0.148,0.000,9.726,0.001,20.703,pack,33554432,0,,,,
58,dense,dot-buffer,34.706,0.203,15.338,2.564,0.001,16.600,pack,33554432,0,,,,
59,minimal,dot-buffer,12.202,0.170,0.000,0.045,0.001,11.986,pack,33554432,0,,,,
60,barcode-small,dot-buffer,30.754,0.144,15.069,1.743,0.001,13.796,encode,33554432,0,,,,
61,baseline-50x30,dot-buffer,33.709,0.151,13.697,2.805,0.001,17.054,pack,33554432,0,,,,
62,text-heavy,dot-buffer,29.919,0.168,0.000,9.078,0.001,20.672,pack,33554432,0,,,,
63,dense,dot-buffer,35.702,0.139,13.828,4.456,0.001,17.278,pack,33554432,0,,,,
64,minimal,dot-buffer,12.170,0.180,0.000,0.045,0.001,11.944,pack,33554432,0,,,,
65,barcode-small,dot-buffer,30.965,0.202,15.398,1.775,0.001,13.589,encode,33554432,0,,,,
66,baseline-50x30,dot-buffer,33.620,0.140,13.675,2.814,0.001,16.989,pack,33554432,0,,,,
67,text-heavy,dot-buffer,31.867,0.144,0.000,11.015,0.001,20.707,pack,33554432,0,,,,
68,dense,dot-buffer,32.978,0.146,13.590,2.559,0.001,16.682,pack,33554432,0,,,,
69,minimal,dot-buffer,12.050,0.143,0.000,0.043,0.001,11.863,pack,33554432,0,,,,
70,barcode-small,dot-buffer,30.642,0.144,15.133,1.747,0.001,13.617,encode,33554432,0,,,,
71,baseline-50x30,dot-buffer,33.727,0.202,13.678,2.829,0.001,17.016,pack,33554432,0,,,,
72,text-heavy,dot-buffer,31.431,1.815,0.000,8.981,0.001,20.634,pack,33554432,0,,,,
73,dense,dot-buffer,33.192,0.142,13.693,2.596,0.002,16.760,pack,33554432,0,,,,
74,minimal,dot-buffer,11.956,0.146,0.000,0.052,0.001,11.757,pack,33554432,0,,,,
75,barcode-small,dot-buffer,30.987,0.145,15.371,1.756,0.001,13.714,encode,33554432,0,,,,
76,baseline-50x30,dot-buffer,35.124,0.184,15.195,2.770,0.001,16.974,pack,33554432,0,,,,
77,text-heavy,dot-buffer,29.974,0.278,0.000,8.984,0.001,20.711,pack,33554432,0,,,,
78,dense,dot-buffer,32.994,0.140,13.660,2.459,0.001,16.734,pack,33554432,0,,,,
79,minimal,dot-buffer,11.912,0.139,0.000,0.046,0.001,11.726,pack,33554432,0,,,,
80,barcode-small,dot-buffer,30.726,0.133,15.103,1.805,0.001,13.684,encode,33554432,0,,,,
81,baseline-50x30,dot-buffer,35.583,0.174,15.661,2.825,0.001,16.922,pack,33554432,0,,,,
82,text-heavy,dot-buffer,30.043,0.178,0.000,9.060,0.001,20.803,pack,33554432,0,,,,
83,dense,dot-buffer,33.176,0.152,13.742,2.481,0.001,16.800,pack,33554432,0,,,,
84,minimal,dot-buffer,11.910,0.138,0.000,0.040,0.001,11.732,pack,33554432,0,,,,
85,barcode-small,dot-buffer,31.159,1.811,13.851,1.831,0.001,13.665,encode,33554432,0,,,,
86,baseline-50x30,dot-buffer,38.685,0.192,18.795,2.735,0.001,16.962,encode,33554432,0,,,,
87,text-heavy,dot-buffer,30.278,0.137,0.000,9.308,0.001,20.832,pack,33554432,0,,,,
88,dense,dot-buffer,32.896,0.131,13.649,2.475,0.001,16.640,pack,33554432,0,,,,
89,minimal,dot-buffer,27.992,16.041,0.000,0.052,0.001,11.899,alloc,33554432,0,,,,
90,barcode-small,dot-buffer,29.555,0.183,13.769,1.803,0.001,13.800,pack,33554432,0,,,,
91,baseline-50x30,dot-buffer,35.930,0.197,15.873,2.918,0.002,16.939,pack,33554432,0,,,,
92,text-heavy,dot-buffer,30.107,0.226,0.000,9.102,0.001,20.778,pack,33554432,0,,,,
93,dense,dot-buffer,34.600,0.167,15.293,2.503,0.002,16.635,pack,33554432,0,,,,
94,minimal,dot-buffer,12.190,0.178,0.000,0.051,0.001,11.960,pack,33554432,0,,,,
95,barcode-small,dot-buffer,29.681,0.163,13.936,1.803,0.001,13.778,encode,33554432,0,,,,
96,baseline-50x30,dot-buffer,34.866,0.180,14.981,2.748,0.001,16.956,pack,33554432,0,,,,
97,text-heavy,dot-buffer,29.957,0.186,0.000,9.149,0.001,20.620,pack,33554432,0,,,,
98,dense,dot-buffer,34.416,0.176,14.948,2.538,0.002,16.752,pack,33554432,0,,,,
99,minimal,dot-buffer,12.183,0.178,0.000,0.048,0.001,11.956,pack,33554432,0,,,,
100,barcode-small,dot-buffer,29.346,0.158,13.761,1.817,0.001,13.608,encode,33554432,1,1,BASELINE50X30,https://sez.print/baseline,28736
101,baseline-50x30,dot-buffer,34.045,0.213,14.044,2.738,0.001,17.050,pack,33554432,1,1,BASELINE50X30,https://sez.print/baseline,76204
102,text-heavy,dot-buffer,30.071,0.192,0.000,9.127,0.001,20.751,pack,33554432,1,1,,,133472
103,dense,dot-buffer,34.342,0.182,14.963,2.480,0.001,16.716,pack,33554432,1,1,BASELINE50X30,https://sez.print/baseline,71626
104,minimal,dot-buffer,12.218,0.226,0.000,0.047,0.001,11.945,pack,33554432,1,1,,,5184
105,barcode-small,dot-buffer,29.457,0.166,13.757,1.838,0.001,13.694,encode,33554432,1,1,BASELINE50X30,https://sez.print/baseline,28736
106,baseline-50x30,dot-buffer,35.390,0.136,15.412,2.771,0.002,17.069,pack,33554432,0,,,,
107,text-heavy,dot-buffer,29.974,0.136,0.000,9.100,0.001,20.737,pack,33554432,0,,,,
108,dense,dot-buffer,34.761,0.190,15.418,2.525,0.001,16.626,pack,33554432,0,,,,
109,minimal,dot-buffer,11.970,0.151,0.000,0.043,0.001,11.774,pack,33554432,0,,,,
110,barcode-small,dot-buffer,29.344,0.139,13.702,1.782,0.001,13.721,pack,33554432,0,,,,
111,baseline-50x30,dot-buffer,35.832,1.980,13.964,2.976,0.003,16.909,pack,33554432,0,,,,
112,text-heavy,dot-buffer,29.851,0.165,0.000,8.988,0.001,20.697,pack,33554432,0,,,,
113,dense,dot-buffer,34.712,0.160,15.275,2.602,0.001,16.672,pack,33554432,0,,,,
114,minimal,dot-buffer,12.092,0.145,0.000,0.045,0.001,11.902,pack,33554432,0,,,,
115,barcode-small,dot-buffer,30.732,0.145,15.212,1.759,0.001,13.615,encode,33554432,0,,,,
116,baseline-50x30,dot-buffer,33.712,0.156,13.772,2.748,0.001,17.035,pack,33554432,0,,,,
117,text-heavy,dot-buffer,30.133,0.144,0.000,9.107,0.001,20.881,pack,33554432,0,,,,
118,dense,dot-buffer,34.162,0.148,14.997,2.498,0.001,16.517,pack,33554432,0,,,,
119,minimal,dot-buffer,12.210,0.176,0.000,0.048,0.001,11.985,pack,33554432,0,,,,
120,barcode-small,dot-buffer,30.520,0.129,15.021,1.839,0.002,13.530,encode,33554432,0,,,,
121,baseline-50x30,dot-buffer,34.031,0.157,13.900,2.847,0.001,17.125,pack,33554432,0,,,,
122,text-heavy,dot-buffer,29.900,0.141,0.000,9.016,0.001,20.742,pack,33554432,0,,,,
123,dense,dot-buffer,34.743,0.148,15.400,2.536,0.001,16.657,pack,33554432,0,,,,
124,minimal,dot-buffer,12.246,0.158,0.000,0.049,0.001,12.038,pack,33554432,0,,,,
125,barcode-small,dot-buffer,30.632,0.163,15.102,1.760,0.002,13.605,encode,33554432,0,,,,
126,baseline-50x30,dot-buffer,33.837,0.161,13.873,2.758,0.001,17.044,pack,33554432,0,,,,
127,text-heavy,dot-buffer,30.061,0.153,0.000,9.094,0.001,20.813,pack,33554432,0,,,,
128,dense,dot-buffer,34.361,1.505,13.764,2.569,0.001,16.522,pack,33554432,0,,,,
129,minimal,dot-buffer,12.097,0.145,0.000,0.049,0.001,11.902,pack,33554432,0,,,,
130,barcode-small,dot-buffer,30.674,0.146,14.958,1.857,0.001,13.711,encode,33554432,0,,,,
131,baseline-50x30,dot-buffer,33.521,0.150,13.662,2.772,0.001,16.936,pack,33554432,0,,,,
132,text-heavy,dot-buffer,32.170,0.142,0.000,11.328,0.001,20.698,pack,33554432,0,,,,
133,dense,dot-buffer,33.099,0.192,13.741,2.543,0.001,16.622,pack,33554432,0,,,,
134,minimal,dot-buffer,12.122,0.144,0.000,0.047,0.001,11.930,pack,33554432,0,,,,
135,barcode-small,dot-buffer,30.837,0.164,15.271,1.752,0.002,13.649,encode,33554432,0,,,,
136,baseline-50x30,dot-buffer,33.763,0.201,13.763,2.824,0.001,16.975,pack,33554432,0,,,,
137,text-heavy,dot-buffer,31.455,1.735,0.000,9.104,0.001,20.615,pack,33554432,0,,,,
138,dense,dot-buffer,33.188,0.142,13.829,2.510,0.001,16.707,pack,33554432,0,,,,
139,minimal,dot-buffer,11.997,0.173,0.000,0.057,0.001,11.766,pack,33554432,0,,,,
140,barcode-small,dot-buffer,30.842,0.137,15.219,1.774,0.002,13.711,encode,33554432,0,,,,
141,baseline-50x30,dot-buffer,35.826,0.157,15.853,2.768,0.002,17.047,pack,33554432,0,,,,
142,text-heavy,dot-buffer,29.726,0.149,0.000,8.985,0.001,20.591,pack,33554432,0,,,,
143,dense,dot-buffer,32.885,0.138,13.726,2.465,0.001,16.555,pack,33554432,0,,,,
144,minimal,dot-buffer,12.147,0.142,0.000,0.044,0.001,11.960,pack,33554432,0,,,,
145,barcode-small,dot-buffer,30.563,0.142,15.022,1.810,0.001,13.587,encode,33554432,0,,,,
146,baseline-50x30,dot-buffer,34.779,0.157,14.973,2.762,0.001,16.886,pack,33554432,0,,,,
147,text-heavy,dot-buffer,30.038,0.150,0.000,9.045,0.001,20.842,pack,33554432,0,,,,
148,dense,dot-buffer,33.029,0.136,13.580,2.621,0.001,16.690,pack,33554432,0,,,,
149,minimal,dot-buffer,11.971,0.141,0.000,0.046,0.000,11.784,pack,33554432,0,,,,
150,barcode-small,dot-buffer,30.409,1.428,13.552,1.783,0.001,13.644,pack,33554432,0,,,,
151,baseline-50x30,dot-buffer,35.651,0.178,15.739,2.875,0.001,16.858,pack,33554432,0,,,,
152,text-heavy,dot-buffer,29.774,0.145,0.000,8.967,0.001,20.662,pack,33554432,0,,,,
153,dense,dot-buffer,32.843,0.149,13.583,2.504,0.001,16.607,pack,33554432,0,,,,
154,minimal,dot-buffer,13.652,1.663,0.000,0.052,0.001,11.936,pack,33554432,0,,,,
155,barcode-small,dot-buffer,29.226,0.168,13.552,1.800,0.001,13.705,pack,33554432,0,,,,
156,baseline-50x30,dot-buffer,34.967,0.135,14.992,2.818,0.001,17.021,pack,33554432,0,,,,
157,text-heavy,dot-buffer,29.829,0.157,0.000,9.039,0.001,20.633,pack,33554432,0,,,,
158,dense,dot-buffer,34.216,0.137,14.880,2.580,0.001,16.617,pack,33554432,0,,,,
159,minimal,dot-buffer,12.137,0.146,0.000,0.043,0.001,11.948,pack,33554432,0,,,,
160,barcode-small,dot-buffer,29.303,0.139,13.699,1.745,0.001,13.720,pack,33554432,0,,,,
161,baseline-50x30,dot-buffer,35.731,0.176,15.619,3.070,0.002,16.863,pack,33554432,0,,,,
162,text-heavy,dot-buffer,29.750,0.172,0.000,8.965,0.001,20.613,pack,33554432,0,,,,
163,dense,dot-buffer,34.586,0.141,15.360,2.448,0.001,16.637,pack,33554432,0,,,,
164,minimal,dot-buffer,12.152,0.140,0.000,0.046,0.001,11.965,pack,33554432,0,,,,
165,barcode-small,dot-buffer,29.362,0.143,13.668,1.801,0.001,13.750,pack,33554432,0,,,,
166,baseline-50x30,dot-buffer,34.889,0.147,15.012,2.746,0.001,16.982,pack,33554432,0,,,,
167,text-heavy,dot-buffer,30.408,0.166,0.000,9.286,0.001,20.954,pack,33554432,0,,,,
168,dense,dot-buffer,34.824,0.153,15.429,2.483,0.002,16.757,pack,33554432,0,,,,
169,minimal,dot-buffer,12.240,0.142,0.000,0.044,0.001,12.052,pack,33554432,0,,,,
170,barcode-small,dot-buffer,29.269,0.133,13.706,1.781,0.001,13.648,encode,33554432,0,,,,
171,baseline-50x30,dot-buffer,39.100,0.168,18.785,2.761,0.002,17.385,encode,33554432,0,,,,
172,text-heavy,dot-buffer,29.903,0.157,0.000,9.114,0.001,20.631,pack,33554432,0,,,,
173,dense,dot-buffer,34.756,0.138,15.406,2.567,0.001,16.644,pack,33554432,0,,,,
174,minimal,dot-buffer,12.263,0.153,0.000,0.047,0.001,12.063,pack,33554432,0,,,,
175,barcode-small,dot-buffer,29.320,0.140,13.726,1.748,0.001,13.705,encode,33554432,0,,,,
176,baseline-50x30,dot-buffer,35.284,1.803,13.697,2.771,0.001,17.012,pack,33554432,0,,,,
177,text-heavy,dot-buffer,30.122,0.168,0.000,9.123,0.001,20.830,pack,33554432,0,,,,
178,dense,dot-buffer,35.529,0.178,16.111,2.523,0.001,16.716,pack,33554432,0,,,,
179,minimal,dot-buffer,11.978,0.158,0.000,0.046,0.001,11.773,pack,33554432,0,,,,
180,barcode-small,dot-buffer,30.429,0.133,15.025,1.750,0.002,13.519,encode,33554432,0,,,,
181,baseline-50x30,dot-buffer,34.425,0.167,14.444,2.828,0.001,16.985,pack,33554432,0,,,,
182,text-heavy,dot-buffer,29.708,0.149,0.000,8.950,0.001,20.607,pack,33554432,0,,,,
183,dense,dot-buffer,34.564,0.167,15.252,2.567,0.001,16.577,pack,33554432,0,,,,
184,minimal,dot-buffer,12.111,0.156,0.000,0.046,0.001,11.908,pack,33554432,0,,,,
185,barcode-small,dot-buffer,34.808,0.166,19.250,1.768,0.001,13.623,encode,33554432,0,,,,
186,baseline-50x30,dot-buffer,33.799,0.160,13.642,2.881,0.001,17.114,pack,33554432,0,,,,
187,text-heavy,dot-buffer,30.162,0.196,0.000,9.057,0.001,20.909,pack,33554432,0,,,,
188,dense,dot-buffer,48.483,0.139,29.142,2.565,0.001,16.636,encode,33554432,0,,,,
189,minimal,dot-buffer,12.079,0.179,0.000,0.048,0.001,11.851,pack,33554432,0,,,,
190,barcode-small,dot-buffer,31.158,0.194,15.475,1.773,0.002,13.714,encode,33554432,0,,,,
191,baseline-50x30,dot-buffer,33.854,0.177,13.822,2.725,0.001,17.130,pack,33554432,0,,,,
192,text-heavy,dot-buffer,29.698,0.153,0.000,8.969,0.001,20.576,pack,33554432,0,,,,
193,dense,dot-buffer,34.385,1.817,13.510,2.600,0.001,16.458,pack,33554432,0,,,,
194,minimal,dot-buffer,11.932,0.175,0.000,0.044,0.001,11.713,pack,33554432,0,,,,
195,barcode-small,dot-buffer,30.593,0.158,14.849,1.841,0.001,13.744,encode,33554432,0,,,,
196,baseline-50x30,dot-buffer,33.627,0.151,13.608,2.787,0.001,17.081,pack,33554432,0,,,,
197,text-heavy,dot-buffer,31.187,0.161,0.000,10.454,0.001,20.571,pack,33554432,0,,,,
198,dense,dot-buffer,32.857,0.153,13.600,2.494,0.001,16.609,pack,33554432,0,,,,
199,minimal,dot-buffer,12.273,0.238,0.000,0.040,0.001,11.994,pack,33554432,0,,,,
200,barcode-small,dot-buffer,30.586,0.159,14.986,1.740,0.001,13.699,encode,33554432,1,1,BASELINE50X30,https://sez.print/baseline,28736
201,baseline-50x30,dot-buffer,36.062,0.248,15.925,2.818,0.002,17.069,pack,33554432,1,1,BASELINE50X30,https://sez.print/baseline,76204
202,text-heavy,dot-buffer,30.111,0.176,0.000,9.211,0.001,20.723,pack,33554432,1,1,,,133472
203,dense,dot-buffer,33.287,0.232,13.755,2.587,0.001,16.712,pack,33554432,1,1,BASELINE50X30,https://sez.print/baseline,71626
204,minimal,dot-buffer,12.179,0.148,0.000,0.045,0.001,11.985,pack,33554432,1,1,,,5184
205,barcode-small,dot-buffer,30.833,0.147,15.123,1.752,0.001,13.808,encode,33554432,1,1,BASELINE50X30,https://sez.print/baseline,28736
206,baseline-50x30,dot-buffer,35.088,0.146,15.141,2.787,0.002,17.012,pack,33554432,0,,,,
207,text-heavy,dot-buffer,30.010,0.129,0.000,9.119,0.001,20.761,pack,33554432,0,,,,
208,dense,dot-buffer,33.172,0.185,13.768,2.505,0.001,16.714,pack,33554432,0,,,,
209,minimal,dot-buffer,12.191,0.207,0.000,0.056,0.001,11.927,pack,33554432,0,,,,
210,barcode-small,dot-buffer,30.683,0.142,15.224,1.759,0.001,13.557,encode,33554432,0,,,,
211,baseline-50x30,dot-buffer,35.741,0.243,15.869,2.758,0.001,16.870,pack,33554432,0,,,,
212,text-heavy,dot-buffer,30.007,0.187,0.000,9.037,0.001,20.781,pack,33554432,0,,,,
213,dense,dot-buffer,35.225,0.834,15.133,2.631,0.001,16.625,pack,33554432,0,,,,
214,minimal,dot-buffer,11.939,0.131,0.000,0.043,0.001,11.764,pack,33554432,0,,,,
215,barcode-small,dot-buffer,30.907,1.772,13.684,1.748,0.001,13.702,pack,33554432,0,,,,
216,baseline-50x30,dot-buffer,34.842,0.167,15.127,2.743,0.001,16.804,pack,33554432,0,,,,
217,text-heavy,dot-buffer,30.161,0.179,0.000,9.160,0.001,20.820,pack,33554432,0,,,,
218,dense,dot-buffer,33.093,0.136,13.744,2.473,0.001,16.739,pack,33554432,0,,,,
219,minimal,dot-buffer,13.444,1.467,0.000,0.047,0.001,11.929,pack,33554432,0,,,,
220,barcode-small,dot-buffer,29.270,0.157,13.612,1.729,0.001,13.771,pack,33554432,0,,,,
221,baseline-50x30,dot-buffer,35.297,0.166,15.467,2.763,0.002,16.899,pack,33554432,0,,,,
222,text-heavy,dot-buffer,29.938,0.143,0.000,9.013,0.002,20.780,pack,33554432,0,,,,
223,dense,dot-buffer,34.668,0.143,15.217,2.629,0.001,16.678,pack,33554432,0,,,,
224,minimal,dot-buffer,12.230,0.151,0.000,0.048,0.001,12.029,pack,33554432,0,,,,
225,barcode-small,dot-buffer,29.441,0.146,13.772,1.807,0.001,13.716,encode,33554432,0,,,,
226,baseline-50x30,dot-buffer,34.973,0.138,15.089,2.868,0.002,16.876,pack,33554432,0,,,,
227,text-heavy,dot-buffer,29.904,0.151,0.000,9.133,0.001,20.620,pack,33554432,0,,,,
228,dense,dot-buffer,34.449,0.148,15.091,2.536,0.002,16.673,pack,33554432,0,,,,
229,minimal,dot-buffer,12.086,0.156,0.000,0.048,0.001,11.881,pack,33554432,0,,,,
230,barcode-small,dot-buffer,29.461,0.191,13.852,1.773,0.001,13.644,encode,33554432,0,,,,
231,baseline-50x30,dot-buffer,35.710,0.177,15.611,2.898,0.001,17.022,pack,33554432,0,,,,
232,text-heavy,dot-buffer,29.932,0.132,0.000,9.010,0.001,20.789,pack,33554432,0,,,,
233,dense,dot-buffer,35.344,0.139,16.105,2.500,0.001,16.600,pack,33554432,0,,,,
234,minimal,dot-buffer,12.182,0.174,0.000,0.047,0.001,11.961,pack,33554432,0,,,,
235,barcode-small,dot-buffer,29.329,0.137,13.666,1.754,0.001,13.771,pack,33554432,0,,,,
236,baseline-50x30,dot-buffer,35.142,0.147,15.197,2.773,0.001,17.024,pack,33554432,0,,,,
237,text-heavy,dot-buffer,30.019,0.192,0.000,9.139,0.001,20.687,pack,33554432,0,,,,
238,dense,dot-buffer,34.565,0.142,15.106,2.596,0.002,16.720,pack,33554432,0,,,,
239,minimal,dot-buffer,12.266,0.173,0.000,0.050,0.001,12.042,pack,33554432,0,,,,
240,barcode-small,dot-buffer,29.372,0.142,13.758,1.741,0.001,13.730,encode,33554432,0,,,,
241,baseline-50x30,dot-buffer,35.788,1.986,13.957,2.781,0.001,17.063,pack,33554432,0,,,,
242,text-heavy,dot-buffer,29.991,0.169,0.000,9.100,0.001,20.720,pack,33554432,0,,,,
243,dense,dot-buffer,34.421,0.148,15.095,2.489,0.001,16.688,pack,33554432,0,,,,
244,minimal,dot-buffer,12.180,0.159,0.000,0.051,0.001,11.969,pack,33554432,0,,,,
245,barcode-small,dot-buffer,31.215,0.165,15.504,1.774,0.002,13.771,encode,33554432,0,,,,
246,baseline-50x30,dot-buffer,33.628,0.144,13.751,2.774,0.001,16.958,pack,33554432,0,,,,
247,text-heavy,dot-buffer,30.037,0.162,0.000,9.124,0.001,20.749,pack,33554432,0,,,,
248,dense,dot-buffer,34.270,0.156,14.934,2.609,0.002,16.568,pack,33554432,0,,,,
249,minimal,dot-buffer,12.191,0.180,0.000,0.041,0.001,11.969,pack,33554432,0,,,,
250,barcode-small,dot-buffer,30.504,0.192,15.043,1.770,0.002,13.497,encode,33554432,0,,,,
251,baseline-50x30,dot-buffer,34.282,0.175,14.107,2.921,0.001,17.079,pack,33554432,0,,,,
252,text-heavy,dot-buffer,29.987,0.138,0.000,9.085,0.001,20.764,pack,33554432,0,,,,
253,dense,dot-buffer,35.021,0.188,15.832,2.478,0.001,16.523,pack,33554432,0,,,,
254,minimal,dot-buffer,12.161,0.161,0.000,0.047,0.001,11.952,pack,33554432,0,,,,
255,barcode-small,dot-buffer,30.903,0.133,15.336,1.915,0.002,13.518,encode,33554432,0,,,,
256,baseline-50x30,dot-buffer,34.366,0.141,13.666,2.812,0.001,17.746,pack,33554432,0,,,,
257,text-heavy,dot-buffer,29.867,0.146,0.000,9.009,0.001,20.710,pack,33554432,0,,,,
258,dense,dot-buffer,34.723,1.951,13.625,2.572,0.002,16.573,pack,33554432,0,,,,
259,minimal,dot-buffer,12.126,0.148,0.000,0.047,0.001,11.930,pack,33554432,0,,,,
260,barcode-small,dot-buffer,30.460,0.136,15.051,1.739,0.002,13.533,encode,33554432,0,,,,
261,baseline-50x30,dot-buffer,33.946,0.158,13.975,2.904,0.001,16.907,pack,33554432,0,,,,
262,text-heavy,dot-buffer,31.739,0.131,0.000,10.879,0.001,20.728,pack,33554432,0,,,,
263,dense,dot-buffer,33.019,0.139,13.821,2.519,0.001,16.539,pack,33554432,0,,,,
264,minimal,dot-buffer,11.972,0.125,0.000,0.046,0.001,11.801,pack,33554432,0,,,,
265,barcode-small,dot-buffer,30.769,0.136,15.384,1.747,0.001,13.500,encode,33554432,0,,,,
266,baseline-50x30,dot-buffer,33.502,0.150,13.669,2.744,0.001,16.939,pack,33554432,0,,,,
267,text-heavy,dot-buffer,31.325,1.706,0.000,9.079,0.001,20.539,pack,33554432,0,,,,
268,dense,dot-buffer,33.030,0.124,13.689,2.480,0.001,16.735,pack,33554432,0,,,,
269,minimal,dot-buffer,12.112,0.146,0.000,0.056,0.001,11.910,pack,33554432,0,,,,
270,barcode-small,dot-buffer,30.339,0.137,14.820,1.795,0.001,13.585,encode,33554432,0,,,,
271,baseline-50x30,dot-buffer,35.870,0.198,15.955,2.769,0.002,16.947,pack,33554432,0,,,,
272,text-heavy,dot-buffer,29.883,0.144,0.000,9.070,0.001,20.668,pack,33554432,0,,,,
273,dense,dot-buffer,32.690,0.155,13.435,2.627,0.001,16.472,pack,33554432,0,,,,
274,minimal,dot-buffer,11.967,0.149,0.000,0.042,0.001,11.776,pack,33554432,0,,,,
275,barcode-small,dot-buffer,31.199,0.155,15.555,1.850,0.002,13.636,encode,33554432,0,,,,
276,baseline-50x30,dot-buffer,34.973,0.193,15.040,2.854,0.002,16.884,pack,33554432,0,,,,
277,text-heavy,dot-buffer,29.983,0.154,0.000,8.993,0.001,20.835,pack,33554432,0,,,,
278,dense,dot-buffer,32.993,0.144,13.646,2.509,0.001,16.693,pack,33554432,0,,,,
279,minimal,dot-buffer,12.118,0.137,0.000,0.046,0.001,11.935,pack,33554432,0,,,,
280,barcode-small,dot-buffer,31.659,1.801,13.781,1.763,0.001,14.313,pack,33554432,0,,,,
281,baseline-50x30,dot-buffer,37.145,0.145,15.812,2.733,0.002,18.453,pack,33554432,0,,,,
282,text-heavy,dot-buffer,29.677,0.141,0.000,8.999,0.001,20.537,pack,33554432,0,,,,
283,dense,dot-buffer,33.062,0.209,13.664,2.505,0.001,16.683,pack,33554432,0,,,,
284,minimal,dot-buffer,13.968,2.012,0.000,0.050,0.001,11.905,pack,33554432,0,,,,
285,barcode-small,dot-buffer,29.330,0.163,13.752,1.771,0.001,13.642,encode,33554432,0,,,,
286,baseline-50x30,dot-buffer,34.784,0.143,14.987,2.746,0.001,16.906,pack,33554432,0,,,,
287,text-heavy,dot-buffer,30.784,0.158,0.000,10.061,0.001,20.563,pack,33554432,0,,,,
288,dense,dot-buffer,34.554,0.144,15.306,2.596,0.002,16.505,pack,33554432,0,,,,
289,minimal,dot-buffer,12.123,0.152,0.000,0.048,0.001,11.922,pack,33554432,0,,,,
290,barcode-small,dot-buffer,30.045,0.148,13.672,1.792,0.001,14.433,pack,33554432,0,,,,
291,baseline-50x30,dot-buffer,35.544,0.162,15.669,2.778,0.001,16.933,pack,33554432,0,,,,
292,text-heavy,dot-buffer,29.813,0.153,0.000,9.028,0.001,20.631,pack,33554432,0,,,,
293,dense,dot-buffer,38.550,0.147,19.523,2.507,0.001,16.371,encode,33554432,0,,,,
294,minimal,dot-buffer,13.738,0.134,0.000,0.046,0.001,13.557,pack,33554432,0,,,,
295,barcode-small,dot-buffer,30.218,0.154,14.676,1.792,0.001,13.595,encode,33554432,0,,,,
296,baseline-50x30,dot-buffer,50.434,0.133,30.475,2.904,0.002,16.920,encode,33554432,0,,,,
297,text-heavy,dot-buffer,30.137,0.179,0.000,9.099,0.001,20.858,pack,33554432,0,,,,
298,dense,dot-buffer,34.699,0.188,15.435,2.498,0.002,16.575,pack,33554432,0,,,,
299,minimal,dot-buffer,12.271,0.168,0.000,0.050,0.001,12.052,pack,33554432,0,,,,
300,barcode-small,dot-buffer,29.537,0.168,13.810,1.790,0.001,13.767,encode,33554432,1,1,BASELINE50X30,https://sez.print/baseline,28736
301,baseline-50x30,dot-buffer,43.590,0.168,17.883,2.793,0.001,22.744,pack,33554432,1,1,BASELINE50X30,https://sez.print/baseline,76204
302,text-heavy,dot-buffer,29.918,0.198,0.000,9.026,0.001,20.693,pack,33554432,1,1,,,133472
303,dense,dot-buffer,34.734,0.205,15.429,2.482,0.001,16.617,pack,33554432,1,1,BASELINE50X30,https://sez.print/baseline,71626
304,minimal,dot-buffer,12.219,0.207,0.000,0.043,0.001,11.968,pack,33554432,1,1,,,5184
305,barcode-small,dot-buffer,29.790,0.180,13.778,1.991,0.001,13.841,pack,33554432,1,1,BASELINE50X30,https://sez.print/baseline,28736
306,baseline-50x30,dot-buffer,38.978,2.617,14.734,3.054,0.001,18.571,pack,33554432,0,,,,
307,text-heavy,dot-buffer,32.791,0.225,0.000,9.953,0.001,22.612,pack,33554432,0,,,,
308,dense,dot-buffer,37.625,0.205,16.421,2.712,0.002,18.285,pack,33554432,0,,,,
309,minimal,dot-buffer,13.269,0.162,0.000,0.051,0.001,13.055,pack,33554432,0,,,,
310,barcode-small,dot-buffer,33.560,0.145,16.497,1.916,0.002,15.000,encode,33554432,0,,,,
311,baseline-50x30,dot-buffer,37.122,0.176,15.456,3.016,0.001,18.473,pack,33554432,0,,,,
312,text-heavy,dot-buffer,32.631,0.142,0.000,9.987,0.001,22.501,pack,33554432,0,,,,
313,dense,dot-buffer,37.925,0.149,16.862,2.762,0.002,18.150,pack,33554432,0,,,,
314,minimal,dot-buffer,13.238,0.154,0.000,0.049,0.001,13.034,pack,33554432,0,,,,
315,barcode-small,dot-buffer,33.539,0.197,16.543,1.965,0.002,14.833,encode,33554432,0,,,,
316,baseline-50x30,dot-buffer,36.750,0.155,14.961,3.033,0.001,18.601,pack,33554432,0,,,,
317,text-heavy,dot-buffer,32.780,0.167,0.000,9.916,0.001,22.696,pack,33554432,0,,,,
318,dense,dot-buffer,37.508,0.164,16.449,2.881,0.002,18.013,pack,33554432,0,,,,
319,minimal,dot-buffer,13.181,0.148,0.000,0.053,0.001,12.979,pack,33554432,0,,,,
320,barcode-small,dot-buffer,33.363,0.185,16.300,1.891,0.001,14.986,encode,33554432,0,,,,
321,baseline-50x30,dot-buffer,37.355,0.159,15.332,2.968,0.001,18.895,pack,33554432,0,,,,
322,text-heavy,dot-buffer,32.581,0.185,0.000,9.777,0.001,22.619,pack,33554432,0,,,,
323,dense,dot-buffer,37.848,1.843,14.963,2.723,0.002,18.318,pack,33554432,0,,,,
324,minimal,dot-buffer,13.081,0.163,0.000,0.047,0.001,12.870,pack,33554432,0,,,,
325,barcode-small,dot-buffer,33.701,0.156,16.588,1.950,0.002,15.006,encode,33554432,0,,,,
326,baseline-50x30,dot-buffer,36.830,0.157,14.947,3.020,0.001,18.706,pack,33554432,0,,,,
327,text-heavy,dot-buffer,34.046,0.163,0.000,11.303,0.002,22.578,pack,33554432,0,,,,
328,dense,dot-buffer,36.226,0.182,15.011,2.806,0.001,18.227,pack,33554432,0,,,,
329,minimal,dot-buffer,13.887,0.152,0.000,0.048,0.001,13.685,pack,33554432,0,,,,
330,barcode-small,dot-buffer,34.929,0.178,17.799,2.160,0.001,14.791,encode,33554432,0,,,,
331,baseline-50x30,dot-buffer,37.987,0.299,15.189,2.993,0.001,19.505,pack,33554432,0,,,,
332,text-heavy,dot-buffer,34.741,2.327,0.000,9.848,0.001,22.564,pack,33554432,0,,,,
333,dense,dot-buffer,36.159,0.162,15.129,2.690,0.001,18.177,pack,33554432,0,,,,
334,minimal,dot-buffer,13.819,0.153,0.000,0.049,0.001,13.617,pack,33554432,0,,,,
335,barcode-small,dot-buffer,33.864,0.198,16.907,1.908,0.002,14.851,encode,33554432,0,,,,
336,baseline-50x30,dot-buffer,38.069,0.160,16.475,3.043,0.001,18.390,pack,33554432,0,,,,
337,text-heavy,dot-buffer,32.962,0.263,0.000,9.911,0.001,22.786,pack,33554432,0,,,,
338,dense,dot-buffer,36.060,0.153,14.935,2.708,0.001,18.262,pack,33554432,0,,,,
339,minimal,dot-buffer,13.451,0.166,0.000,0.048,0.001,13.236,pack,33554432,0,,,,
340,barcode-small,dot-buffer,33.752,0.163,16.732,1.921,0.002,14.934,encode,33554432,0,,,,
341,baseline-50x30,dot-buffer,38.400,0.214,16.745,3.031,0.002,18.409,pack,33554432,0,,,,
342,text-heavy,dot-buffer,32.739,0.150,0.000,10.004,0.001,22.585,pack,33554432,0,,,,
343,dense,dot-buffer,36.697,0.172,15.654,2.732,0.001,18.138,pack,33554432,0,,,,
344,minimal,dot-buffer,12.988,0.155,0.000,0.051,0.001,12.780,pack,33554432,0,,,,
345,barcode-small,dot-buffer,33.823,1.951,14.977,2.111,0.001,14.783,encode,33554432,0,,,,
346,baseline-50x30,dot-buffer,38.244,0.187,16.455,3.081,0.001,18.519,pack,33554432,0,,,,
347,text-heavy,dot-buffer,32.930,0.166,0.000,10.008,0.001,22.754,pack,33554432,0,,,,
348,dense,dot-buffer,35.918,0.159,15.039,2.707,0.001,18.012,pack,33554432,0,,,,
349,minimal,dot-buffer,15.232,2.284,0.000,0.061,0.001,12.887,pack,33554432,0,,,,
350,barcode-small,dot-buffer,32.759,0.195,15.758,1.949,0.001,14.856,encode,33554432,0,,,,
351,baseline-50x30,dot-buffer,38.908,0.170,17.161,3.042,0.002,18.533,pack,33554432,0,,,,
352,text-heavy,dot-buffer,33.394,0.169,0.000,9.819,0.001,23.404,pack,33554432,0,,,,
353,dense,dot-buffer,37.938,0.173,16.683,2.763,0.001,18.317,pack,33554432,0,,,,
354,minimal,dot-buffer,13.008,0.156,0.000,0.051,0.001,12.799,pack,33554432,0,,,,
355,barcode-small,dot-buffer,31.796,0.132,14.837,1.892,0.001,14.933,pack,33554432,0,,,,
356,baseline-50x30,dot-buffer,38.360,0.148,16.776,3.035,0.001,18.400,pack,33554432,0,,,,
357,text-heavy,dot-buffer,32.860,0.164,0.000,9.995,0.001,22.700,pack,33554432,0,,,,
358,dense,dot-buffer,39.014,0.154,17.105,2.705,0.001,19.049,pack,33554432,0,,,,
359,minimal,dot-buffer,13.209,0.168,0.000,0.051,0.001,12.989,pack,33554432,0,,,,
360,barcode-small,dot-buffer,32.077,0.160,14.977,1.908,0.001,15.032,pack,33554432,0,,,,
361,baseline-50x30,dot-buffer,39.744,0.173,17.601,2.991,0.001,18.977,pack,33554432,0,,,,
362,text-heavy,dot-buffer,32.701,0.186,0.000,9.821,0.001,22.693,pack,33554432,0,,,,
363,dense,dot-buffer,37.701,0.170,16.570,2.792,0.002,18.167,pack,33554432,0,,,,
364,minimal,dot-buffer,13.324,0.177,0.000,0.055,0.001,13.091,pack,33554432,0,,,,
365,barcode-small,dot-buffer,32.118,0.177,15.193,1.924,0.001,14.822,encode,33554432,0,,,,
366,baseline-50x30,dot-buffer,38.204,0.163,16.677,3.032,0.002,18.331,pack,33554432,0,,,,
367,text-heavy,dot-buffer,32.674,0.170,0.000,9.950,0.001,22.554,pack,33554432,0,,,,
368,dense,dot-buffer,37.533,0.159,16.380,2.788,0.002,18.205,pack,33554432,0,,,,
369,minimal,dot-buffer,13.283,0.153,0.000,0.051,0.001,13.078,pack,33554432,0,,,,
370,barcode-small,dot-buffer,32.048,0.176,15.077,1.919,0.001,14.875,encode,33554432,0,,,,
371,baseline-50x30,dot-buffer,38.632,2.002,15.086,3.008,0.001,18.534,pack,33554432,0,,,,
372,text-heavy,dot-buffer,32.627,0.186,0.000,9.930,0.001,22.509,pack,33554432,0,,,,
373,dense,dot-buffer,38.867,0.157,16.391,2.770,0.001,19.548,pack,33554432,0,,,,
374,minimal,dot-buffer,13.227,0.185,0.000,0.057,0.001,12.984,pack,33554432,0,,,,
375,barcode-small,dot-buffer,33.842,0.148,16.872,1.897,0.002,14.923,encode,33554432,0,,,,
376,baseline-50x30,dot-buffer,36.969,0.185,15.186,2.998,0.001,18.599,pack,33554432,0,,,,
377,text-heavy,dot-buffer,32.887,0.166,0.000,9.990,0.001,22.729,pack,33554432,0,,,,
378,dense,dot-buffer,37.736,0.162,16.766,2.762,0.001,18.045,pack,33554432,0,,,,
379,minimal,dot-buffer,13.147,0.182,0.000,0.048,0.001,12.916,pack,33554432,0,,,,
380,barcode-small,dot-buffer,33.406,0.167,16.386,1.946,0.002,14.906,encode,33554432,0,,,,
381,baseline-50x30,dot-buffer,37.108,0.165,15.363,2.988,0.001,18.592,pack,33554432,0,,,,
382,text-heavy,dot-buffer,32.743,0.149,0.000,9.919,0.001,22.674,pack,33554432,0,,,,
383,dense,dot-buffer,37.732,0.153,16.514,2.761,0.001,18.302,pack,33554432,0,,,,
384,minimal,dot-buffer,13.057,0.162,0.000,0.049,0.001,12.845,pack,33554432,0,,,,
385,barcode-small,dot-buffer,33.954,0.155,16.775,1.919,0.002,15.103,encode,33554432,0,,,,
386,baseline-50x30,dot-buffer,37.234,0.139,15.499,2.992,0.001,18.602,pack,33554432,0,,,,
387,text-heavy,dot-buffer,32.798,0.167,0.000,9.979,0.001,22.651,pack,33554432,0,,,,
388,dense,dot-buffer,38.288,2.288,15.045,2.764,0.001,18.190,pack,33554432,0,,,,
389,minimal,dot-buffer,13.729,0.165,0.000,0.053,0.001,13.511,pack,33554432,0,,,,
390,barcode-small,dot-buffer,33.688,0.158,16.664,1.962,0.001,14.903,encode,33554432,0,,,,
391,baseline-50x30,dot-buffer,37.839,0.163,15.195,3.176,0.001,19.304,pack,33554432,0,,,,
392,text-heavy,dot-buffer,34.634,0.155,0.000,11.912,0.003,22.565,pack,33554432,0,,,,
393,dense,dot-buffer,36.007,0.157,14.881,2.783,0.001,18.185,pack,33554432,0,,,,
394,minimal,dot-buffer,13.104,0.154,0.000,0.046,0.001,12.904,pack,33554432,0,,,,
395,barcode-small,dot-buffer,33.421,0.187,16.516,1.907,0.002,14.809,encode,33554432,0,,,,
396,baseline-50x30,dot-buffer,36.703,0.187,14.982,2.985,0.001,18.548,pack,33554432,0,,,,
397,text-heavy,dot-buffer,34.962,1.491,0.000,10.924,0.001,22.546,pack,33554432,0,,,,
398,dense,dot-buffer,35.725,0.158,14.739,2.684,0.001,18.143,pack,33554432,0,,,,
399,minimal,dot-buffer,13.266,0.170,0.000,0.054,0.001,13.040,pack,33554432,0,,,,
400,barcode-small,dot-buffer,33.751,0.162,16.837,1.907,0.001,14.844,encode,33554432,1,1,BASELINE50X30,https://sez.print/baseline,28736
401,baseline-50x30,dot-buffer,55.789,0.225,33.015,4.220,0.002,18.328,encode,33554432,1,1,BASELINE50X30,https://sez.print/baseline,76204
402,text-heavy,dot-buffer,32.709,0.177,0.000,9.932,0.001,22.599,pack,33554432,1,1,,,133472
403,dense,dot-buffer,36.178,0.177,15.064,2.707,0.001,18.229,pack,33554432,1,1,BASELINE50X30,https://sez.print/baseline,71626
404,minimal,dot-buffer,13.107,0.205,0.000,0.054,0.001,12.846,pack,33554432,1,1,,,5184
405,barcode-small,dot-buffer,33.361,0.172,16.361,1.970,0.002,14.856,encode,33554432,1,1,BASELINE50X30,https://sez.print/baseline,28736
406,baseline-50x30,dot-buffer,38.559,0.232,16.931,3.006,0.002,18.388,pack,33554432,0,,,,
407,text-heavy,dot-buffer,32.790,0.235,0.000,9.887,0.001,22.667,pack,33554432,0,,,,
408,dense,dot-buffer,36.038,0.222,14.874,2.823,0.001,18.117,pack,33554432,0,,,,
409,minimal,dot-buffer,13.108,0.194,0.000,0.056,0.001,12.857,pack,33554432,0,,,,
410,barcode-small,dot-buffer,33.745,0.190,16.837,1.976,0.001,14.742,encode,33554432,0,,,,
411,baseline-50x30,dot-buffer,38.761,0.220,16.754,3.108,0.002,18.677,pack,33554432,0,,,,
412,text-heavy,dot-buffer,32.739,0.206,0.000,9.920,0.001,22.612,pack,33554432,0,,,,
413,dense,dot-buffer,36.209,0.184,15.161,2.818,0.001,18.045,pack,33554432,0,,,,
414,minimal,dot-buffer,14.618,1.608,0.000,0.050,0.001,12.959,pack,33554432,0,,,,
415,barcode-small,dot-buffer,32.171,0.178,15.140,1.912,0.001,14.940,encode,33554432,0,,,,
416,baseline-50x30,dot-buffer,38.071,0.230,16.278,3.075,0.002,18.486,pack,33554432,0,,,,
417,text-heavy,dot-buffer,33.592,0.202,0.000,10.103,0.001,23.286,pack,33554432,0,,,,
418,dense,dot-buffer,38.179,0.152,17.030,2.800,0.002,18.196,pack,33554432,0,,,,
419,minimal,dot-buffer,13.326,0.158,0.000,0.052,0.001,13.115,pack,33554432,0,,,,
420,barcode-small,dot-buffer,32.221,0.164,15.085,1.931,0.001,15.040,encode,33554432,0,,,,
421,baseline-50x30,dot-buffer,39.149,0.153,17.401,3.078,0.002,18.516,pack,33554432,0,,,,
422,text-heavy,dot-buffer,32.729,0.176,0.000,9.921,0.001,22.630,pack,33554432,0,,,,
423,dense,dot-buffer,38.354,0.159,17.327,2.725,0.001,18.141,pack,33554432,0,,,,
424,minimal,dot-buffer,13.151,0.187,0.000,0.058,0.001,12.906,pack,33554432,0,,,,
425,barcode-small,dot-buffer,32.058,0.152,15.135,1.896,0.001,14.875,encode,33554432,0,,,,
426,baseline-50x30,dot-buffer,39.017,0.146,16.426,3.070,0.002,19.374,pack,33554432,0,,,,
427,text-heavy,dot-buffer,33.018,0.220,0.000,10.064,0.001,22.732,pack,33554432,0,,,,
428,dense,dot-buffer,37.923,0.172,16.829,2.716,0.001,18.204,pack,33554432,0,,,,
429,minimal,dot-buffer,13.290,0.158,0.000,0.050,0.001,13.081,pack,33554432,0,,,,
430,barcode-small,dot-buffer,32.102,0.138,14.971,1.910,0.001,15.082,pack,33554432,0,,,,
431,baseline-50x30,dot-buffer,38.837,0.173,16.927,3.069,0.002,18.666,pack,33554432,0,,,,
432,text-heavy,dot-buffer,33.599,0.173,0.000,10.726,0.002,22.699,pack,33554432,0,,,,
433,dense,dot-buffer,37.898,0.154,16.712,2.764,0.001,18.266,pack,33554432,0,,,,
434,minimal,dot-buffer,13.240,0.153,0.000,0.046,0.001,13.040,pack,33554432,0,,,,
435,barcode-small,dot-buffer,32.898,0.141,15.085,1.909,0.001,15.762,pack,33554432,0,,,,
436,baseline-50x30,dot-buffer,38.514,2.001,14.992,3.011,0.001,18.509,pack,33554432,0,,,,
437,text-heavy,dot-buffer,33.023,0.207,0.000,9.983,0.001,22.831,pack,33554432,0,,,,
438,dense,dot-buffer,38.297,0.159,16.318,2.763,0.001,19.055,pack,33554432,0,,,,
439,minimal,dot-buffer,13.038,0.169,0.000,0.050,0.001,12.818,pack,33554432,0,,,,
440,barcode-small,dot-buffer,33.576,0.141,16.638,1.946,0.001,14.850,encode,33554432,0,,,,
441,baseline-50x30,dot-buffer,82.189,0.267,32.331,12.462,0.003,37.125,pack,33554432,0,,,,
442,text-heavy,dot-buffer,32.764,0.130,0.000,10.077,0.001,22.556,pack,33554432,0,,,,
443,dense,dot-buffer,38.336,0.142,16.754,3.462,0.002,17.977,pack,33554432,0,,,,
444,minimal,dot-buffer,13.104,0.174,0.000,0.045,0.001,12.885,pack,33554432,0,,,,
445,barcode-small,dot-buffer,33.405,0.138,16.417,1.936,0.001,14.913,encode,33554432,0,,,,
446,baseline-50x30,dot-buffer,37.375,0.146,15.690,2.995,0.001,18.543,pack,33554432,0,,,,
447,text-heavy,dot-buffer,32.636,0.161,0.000,9.878,0.001,22.595,pack,33554432,0,,,,
448,dense,dot-buffer,37.479,0.152,16.572,2.725,0.002,18.029,pack,33554432,0,,,,
449,minimal,dot-buffer,13.407,0.178,0.000,0.049,0.001,13.180,pack,33554432,0,,,,
450,barcode-small,dot-buffer,34.270,0.152,17.106,1.949,0.001,15.062,encode,33554432,0,,,,
451,baseline-50x30,dot-buffer,37.005,0.209,15.095,3.137,0.001,18.563,pack,33554432,0,,,,
452,text-heavy,dot-buffer,32.671,0.151,0.000,9.954,0.001,22.565,pack,33554432,0,,,,
453,dense,dot-buffer,38.381,1.952,14.935,2.820,0.001,18.673,pack,33554432,0,,,,
454,minimal,dot-buffer,12.971,0.192,0.000,0.053,0.001,12.725,pack,33554432,0,,,,
455,barcode-small,dot-buffer,34.457,0.177,17.489,1.907,0.002,14.882,encode,33554432,0,,,,
456,baseline-50x30,dot-buffer,36.755,0.151,14.921,3.063,0.001,18.619,pack,33554432,0,,,,
457,text-heavy,dot-buffer,35.237,0.149,0.000,12.426,0.001,22.660,pack,33554432,0,,,,
458,dense,dot-buffer,36.119,0.166,14.938,2.955,0.001,18.059,pack,33554432,0,,,,
459,minimal,dot-buffer,13.299,0.155,0.000,0.051,0.001,13.092,pack,33554432,0,,,,
460,barcode-small,dot-buffer,33.400,0.151,16.369,1.916,0.002,14.962,encode,33554432,0,,,,
461,baseline-50x30,dot-buffer,37.277,0.237,15.421,3.007,0.001,18.612,pack,33554432,0,,,,
462,text-heavy,dot-buffer,34.201,1.848,0.000,9.901,0.001,22.451,pack,33554432,0,,,,
463,dense,dot-buffer,36.061,0.145,14.954,2.778,0.001,18.182,pack,33554432,0,,,,
464,minimal,dot-buffer,13.349,0.180,0.000,0.046,0.001,13.122,pack,33554432,0,,,,
465,barcode-small,dot-buffer,33.545,0.150,16.650,1.979,0.001,14.764,encode,33554432,0,,,,
466,baseline-50x30,dot-buffer,39.073,0.266,16.912,3.346,0.001,18.548,pack,33554432,0,,,,
467,text-heavy,dot-buffer,33.437,0.151,0.000,10.516,0.001,22.768,pack,33554432,0,,,,
468,dense,dot-buffer,36.462,0.165,15.137,2.859,0.001,18.300,pack,33554432,0,,,,
469,minimal,dot-buffer,13.333,0.158,0.000,0.053,0.001,13.121,pack,33554432,0,,,,
470,barcode-small,dot-buffer,33.876,0.155,16.521,1.984,0.001,15.213,encode,33554432,0,,,,
471,baseline-50x30,dot-buffer,41.040,0.386,19.141,3.011,0.001,18.501,encode,33554432,0,,,,
472,text-heavy,dot-buffer,32.653,0.197,0.000,9.889,0.001,22.566,pack,33554432,0,,,,
473,dense,dot-buffer,36.619,0.135,15.527,2.735,0.001,18.221,pack,33554432,0,,,,
474,minimal,dot-buffer,13.139,0.165,0.000,0.050,0.001,12.924,pack,33554432,0,,,,
475,barcode-small,dot-buffer,33.884,1.989,14.975,1.926,0.001,14.993,pack,33554432,0,,,,
476,baseline-50x30,dot-buffer,38.451,0.195,16.516,3.094,0.001,18.644,pack,33554432,0,,,,
477,text-heavy,dot-buffer,32.881,0.198,0.000,9.973,0.001,22.709,pack,33554432,0,,,,
478,dense,dot-buffer,36.299,0.161,15.180,2.722,0.001,18.235,pack,33554432,0,,,,
479,minimal,dot-buffer,15.528,2.182,0.000,0.064,0.001,13.280,pack,33554432,0,,,,
480,barcode-small,dot-buffer,32.571,0.201,15.127,2.062,0.001,15.179,pack,33554432,0,,,,
481,baseline-50x30,dot-buffer,39.230,0.186,17.473,3.007,0.001,18.563,pack,33554432,0,,,,
482,text-heavy,dot-buffer,33.620,0.189,0.000,10.744,0.001,22.686,pack,33554432,0,,,,
483,dense,dot-buffer,37.803,0.157,16.754,2.689,0.001,18.202,pack,33554432,0,,,,
484,minimal,dot-buffer,13.353,0.186,0.000,0.061,0.001,13.105,pack,33554432,0,,,,
485,barcode-small,dot-buffer,32.945,0.175,15.018,1.916,0.001,15.835,pack,33554432,0,,,,
486,baseline-50x30,dot-buffer,38.513,0.153,16.687,3.012,0.002,18.659,pack,33554432,0,,,,
487,text-heavy,dot-buffer,32.708,0.193,0.000,9.936,0.001,22.578,pack,33554432,0,,,,
488,dense,dot-buffer,38.256,0.159,16.548,3.423,0.002,18.124,pack,33554432,0,,,,
489,minimal,dot-buffer,13.248,0.173,0.000,0.051,0.001,13.023,pack,33554432,0,,,,
490,barcode-small,dot-buffer,31.820,0.169,14.895,1.918,0.001,14.837,encode,33554432,0,,,,
491,baseline-50x30,dot-buffer,38.642,0.159,16.963,3.089,0.002,18.429,pack,33554432,0,,,,
492,text-heavy,dot-buffer,32.793,0.194,0.000,9.965,0.001,22.633,pack,33554432,0,,,,
493,dense,dot-buffer,37.749,0.148,16.757,2.715,0.002,18.126,pack,33554432,0,,,,
494,minimal,dot-buffer,13.107,0.140,0.000,0.047,0.001,12.919,pack,33554432,0,,,,
495,barcode-small,dot-buffer,31.949,0.150,14.984,1.899,0.001,14.916,encode,33554432,0,,,,
496,baseline-50x30,dot-buffer,37.912,0.146,16.335,3.036,0.002,18.393,pack,33554432,0,,,,
497,text-heavy,dot-buffer,32.959,0.197,0.000,10.025,0.001,22.736,pack,33554432,0,,,,
498,dense,dot-buffer,37.779,0.158,16.478,2.772,0.001,18.369,pack,33554432,0,,,,
499,minimal,dot-buffer,13.308,0.159,0.000,0.052,0.001,13.096,pack,33554432,0,,,,
500,barcode-small,dot-buffer,32.215,0.153,15.027,2.044,0.001,14.991,encode,33554432,1,1,BASELINE50X30,https://sez.print/baseline,28736
501,baseline-50x30,dot-buffer,37.320,0.191,15.577,3.007,0.001,18.544,pack,33554432,1,1,BASELINE50X30,https://sez.print/baseline,76204
502,text-heavy,dot-buffer,32.947,0.196,0.000,9.843,0.001,22.907,pack,33554432,1,1,,,133472
503,dense,dot-buffer,37.582,0.167,16.316,2.726,0.001,18.372,pack,33554432,1,1,BASELINE50X30,https://sez.print/baseline,71626
504,minimal,dot-buffer,13.341,0.182,0.000,0.053,0.001,13.104,pack,33554432,1,1,,,5184
505,barcode-small,dot-buffer,32.150,0.157,15.041,1.918,0.001,15.033,encode,33554432,1,1,BASELINE50X30,https://sez.print/baseline,28736
506,baseline-50x30,dot-buffer,36.561,0.163,14.872,3.027,0.001,18.498,pack,33554432,0,,,,
507,text-heavy,dot-buffer,33.020,0.162,0.000,10.060,0.001,22.796,pack,33554432,0,,,,
508,dense,dot-buffer,41.501,0.159,20.488,2.768,0.001,18.085,encode,33554432,0,,,,
509,minimal,dot-buffer,14.074,0.319,0.000,0.124,0.002,13.629,pack,33554432,0,,,,
510,barcode-small,dot-buffer,48.344,0.161,31.125,2.172,0.002,14.884,encode,33554432,0,,,,
511,baseline-50x30,dot-buffer,36.787,0.190,14.959,3.140,0.001,18.497,pack,33554432,0,,,,
512,text-heavy,dot-buffer,32.537,0.163,0.000,9.826,0.001,22.547,pack,33554432,0,,,,
513,dense,dot-buffer,35.234,0.163,15.787,2.663,0.001,16.619,pack,33554432,0,,,,
514,minimal,dot-buffer,12.096,0.264,0.000,0.058,0.001,11.774,pack,33554432,0,,,,
515,barcode-small,dot-buffer,31.148,0.175,15.427,1.915,0.002,13.630,encode,33554432,0,,,,
516,baseline-50x30,dot-buffer,33.528,0.192,13.620,2.840,0.001,16.875,pack,33554432,0,,,,
517,text-heavy,dot-buffer,31.990,0.236,0.000,10.996,0.001,20.757,pack,33554432,0,,,,
518,dense,dot-buffer,33.051,0.187,13.675,2.537,0.001,16.651,pack,33554432,0,,,,
519,minimal,dot-buffer,12.267,0.172,0.000,0.052,0.001,12.042,pack,33554432,0,,,,
520,barcode-small,dot-buffer,30.869,0.166,15.417,1.745,0.001,13.540,encode,33554432,0,,,,
521,baseline-50x30,dot-buffer,34.133,0.176,14.304,2.795,0.001,16.857,pack,33554432,0,,,,
522,text-heavy,dot-buffer,31.653,1.838,0.000,9.119,0.001,20.695,pack,33554432,0,,,,
523,dense,dot-buffer,32.987,0.168,13.630,2.502,0.001,16.686,pack,33554432,0,,,,
524,minimal,dot-buffer,12.142,0.158,0.000,0.043,0.001,11.939,pack,33554432,0,,,,
525,barcode-small,dot-buffer,30.787,0.168,15.085,1.764,0.002,13.768,encode,33554432,0,,,,
526,baseline-50x30,dot-buffer,35.126,0.186,15.182,2.759,0.001,16.999,pack,33554432,0,,,,
527,text-heavy,dot-buffer,30.230,0.176,0.000,9.232,0.001,20.820,pack,33554432,0,,,,
528,dense,dot-buffer,33.324,0.192,13.904,2.510,0.001,16.717,pack,33554432,0,,,,
529,minimal,dot-buffer,12.146,0.191,0.000,0.051,0.001,11.902,pack,33554432,0,,,,
530,barcode-small,dot-buffer,30.861,0.165,15.169,1.839,0.002,13.686,encode,33554432,0,,,,
531,baseline-50x30,dot-buffer,35.733,0.203,15.903,2.884,0.002,16.742,pack,33554432,0,,,,
532,text-heavy,dot-buffer,29.772,0.198,0.000,9.033,0.001,20.540,pack,33554432,0,,,,
533,dense,dot-buffer,33.015,0.169,13.728,2.470,0.001,16.647,pack,33554432,0,,,,
534,minimal,dot-buffer,12.263,0.222,0.000,0.055,0.001,11.985,pack,33554432,0,,,,
535,barcode-small,dot-buffer,30.784,1.609,13.665,1.797,0.001,13.712,pack,33554432,0,,,,
536,baseline-50x30,dot-buffer,34.754,0.175,15.025,2.748,0.001,16.804,pack,33554432,0,,,,
537,text-heavy,dot-buffer,30.234,0.180,0.000,9.212,0.001,20.841,pack,33554432,0,,,,
538,dense,dot-buffer,32.981,0.164,13.628,2.573,0.001,16.615,pack,33554432,0,,,,
539,minimal,dot-buffer,13.671,1.835,0.000,0.053,0.001,11.782,pack,33554432,0,,,,
540,barcode-small,dot-buffer,29.316,0.166,13.623,1.760,0.001,13.767,pack,33554432,0,,,,
541,baseline-50x30,dot-buffer,37.001,0.158,17.228,2.826,0.001,16.789,encode,33554432,0,,,,
542,text-heavy,dot-buffer,30.000,0.131,0.000,9.073,0.001,20.795,pack,33554432,0,,,,
543,dense,dot-buffer,34.465,0.136,15.275,2.521,0.001,16.531,pack,33554432,0,,,,
544,minimal,dot-buffer,11.928,0.127,0.000,0.041,0.001,11.760,pack,33554432,0,,,,
545,barcode-small,dot-buffer,29.249,0.156,13.614,1.747,0.001,13.731,pack,33554432,0,,,,
546,baseline-50x30,dot-buffer,34.882,0.155,15.126,2.779,0.001,16.820,pack,33554432,0,,,,
547,text-heavy,dot-buffer,29.912,0.148,0.000,9.114,0.001,20.650,pack,33554432,0,,,,
548,dense,dot-buffer,35.276,0.141,15.978,2.499,0.001,16.658,pack,33554432,0,,,,
549,minimal,dot-buffer,11.954,0.149,0.000,0.043,0.001,11.762,pack,33554432,0,,,,
550,barcode-small,dot-buffer,29.351,0.134,13.610,1.792,0.001,13.814,pack,33554432,0,,,,
551,baseline-50x30,dot-buffer,35.525,0.154,15.445,2.954,0.002,16.971,pack,33554432,0,,,,
552,text-heavy,dot-buffer,30.136,0.176,0.000,9.174,0.001,20.785,pack,33554432,0,,,,
553,dense,dot-buffer,34.525,0.144,15.271,2.543,0.002,16.564,pack,33554432,0,,,,
554,minimal,dot-buffer,11.928,0.149,0.000,0.050,0.001,11.727,pack,33554432,0,,,,
555,barcode-small,dot-buffer,29.554,0.146,13.950,1.770,0.001,13.688,encode,33554432,0,,,,
556,baseline-50x30,dot-buffer,34.853,0.140,15.019,2.802,0.002,16.891,pack,33554432,0,,,,
557,text-heavy,dot-buffer,30.021,0.188,0.000,9.123,0.001,20.709,pack,33554432,0,,,,
558,dense,dot-buffer,34.411,0.167,15.001,2.510,0.001,16.732,pack,33554432,0,,,,
559,minimal,dot-buffer,12.171,0.169,0.000,0.050,0.001,11.951,pack,33554432,0,,,,
560,barcode-small,dot-buffer,29.399,0.142,13.685,1.809,0.001,13.763,pack,33554432,0,,,,
561,baseline-50x30,dot-buffer,35.611,1.948,13.888,2.999,0.001,16.775,pack,33554432,0,,,,
562,text-heavy,dot-buffer,29.728,0.125,0.000,9.051,0.001,20.550,pack,33554432,0,,,,
563,dense,dot-buffer,34.449,0.146,15.092,2.526,0.001,16.684,pack,33554432,0,,,,
564,minimal,dot-buffer,12.103,0.139,0.000,0.043,0.001,11.920,pack,33554432,0,,,,
565,barcode-small,dot-buffer,30.923,0.159,15.153,1.759,0.001,13.851,encode,33554432,0,,,,
566,baseline-50x30,dot-buffer,33.500,0.142,13.729,2.717,0.001,16.912,pack,33554432,0,,,,
567,text-heavy,dot-buffer,29.971,0.142,0.000,9.013,0.001,20.814,pack,33554432,0,,,,
568,dense,dot-buffer,34.202,0.136,15.033,2.458,0.001,16.573,pack,33554432,0,,,,
569,minimal,dot-buffer,12.131,0.138,0.000,0.043,0.001,11.949,pack,33554432,0,,,,
570,barcode-small,dot-buffer,30.532,0.133,14.992,1.782,0.001,13.624,encode,33554432,0,,,,
571,baseline-50x30,dot-buffer,33.684,0.161,13.747,2.789,0.001,16.986,pack,33554432,0,,,,
572,text-heavy,dot-buffer,30.279,0.192,0.000,9.321,0.001,20.764,pack,33554432,0,,,,
573,dense,dot-buffer,34.653,0.146,15.256,2.502,0.001,16.747,pack,33554432,0,,,,
574,minimal,dot-buffer,12.182,0.177,0.000,0.053,0.001,11.951,pack,33554432,0,,,,
575,barcode-small,dot-buffer,30.928,0.195,15.179,1.767,0.002,13.786,encode,33554432,0,,,,
576,baseline-50x30,dot-buffer,33.896,0.164,13.916,2.786,0.001,17.029,pack,33554432,0,,,,
577,text-heavy,dot-buffer,30.110,0.168,0.000,9.159,0.001,20.782,pack,33554432,0,,,,
578,dense,dot-buffer,34.674,1.560,13.874,2.505,0.001,16.734,pack,33554432,0,,,,
579,minimal,dot-buffer,12.035,0.178,0.000,0.050,0.001,11.807,pack,33554432,0,,,,
580,barcode-small,dot-buffer,30.823,0.195,15.061,1.768,0.002,13.798,encode,33554432,0,,,,
581,baseline-50x30,dot-buffer,33.625,0.168,13.672,2.966,0.001,16.817,pack,33554432,0,,,,
582,text-heavy,dot-buffer,31.635,0.137,0.000,10.866,0.001,20.631,pack,33554432,0,,,,
583,dense,dot-buffer,33.087,0.160,13.781,2.489,0.001,16.656,pack,33554432,0,,,,
584,minimal,dot-buffer,12.163,0.153,0.000,0.046,0.001,11.962,pack,33554432,0,,,,
585,barcode-small,dot-buffer,30.994,0.147,15.259,1.754,0.001,13.833,encode,33554432,0,,,,
586,baseline-50x30,dot-buffer,33.509,0.181,13.613,2.726,0.001,16.988,pack,33554432,0,,,,
587,text-heavy,dot-buffer,31.697,1.894,0.000,8.986,0.001,20.816,pack,33554432,0,,,,
588,dense,dot-buffer,33.064,0.141,13.657,2.524,0.001,16.742,pack,33554432,0,,,,
589,minimal,dot-buffer,11.921,0.162,0.000,0.044,0.001,11.714,pack,33554432,0,,,,
590,barcode-small,dot-buffer,31.084,0.132,15.462,1.755,0.001,13.734,encode,33554432,0,,,,
591,baseline-50x30,dot-buffer,35.738,0.200,15.635,2.865,0.001,17.037,pack,33554432,0,,,,
592,text-heavy,dot-buffer,30.223,0.159,0.000,9.257,0.001,20.806,pack,33554432,0,,,,
593,dense,dot-buffer,33.042,0.156,13.720,2.482,0.001,16.683,pack,33554432,0,,,,
594,minimal,dot-buffer,11.922,0.170,0.000,0.054,0.001,11.696,pack,33554432,0,,,,
595,barcode-small,dot-buffer,31.003,0.160,15.431,1.747,0.002,13.664,encode,33554432,0,,,,
596,baseline-50x30,dot-buffer,35.342,0.173,15.563,2.797,0.002,16.807,pack,33554432,0,,,,
597,text-heavy,dot-buffer,30.135,0.195,0.000,9.080,0.001,20.859,pack,33554432,0,,,,
598,dense,dot-buffer,33.206,0.152,13.721,2.539,0.001,16.793,pack,33554432,0,,,,
599,minimal,dot-buffer,11.974,0.139,0.000,0.045,0.001,11.789,pack,33554432,0,,,,
600,barcode-small,dot-buffer,30.713,1.585,13.653,1.755,0.001,13.719,pack,33554432,1,1,BASELINE50X30,https://sez.print/baseline,28736
601,baseline-50x30,dot-buffer,36.093,0.171,16.073,2.758,0.002,17.090,pack,33554432,1,1,BASELINE50X30,https://sez.print/baseline,76204
602,text-heavy,dot-buffer,30.472,0.179,0.000,9.182,0.001,21.110,pack,33554432,1,1,,,133472
603,dense,dot-buffer,33.178,0.155,13.763,2.543,0.001,16.715,pack,33554432,1,1,BASELINE50X30,https://sez.print/baseline,71626
604,minimal,dot-buffer,14.031,2.181,0.000,0.053,0.001,11.795,pack,33554432,1,1,,,5184
605,barcode-small,dot-buffer,30.615,0.156,15.188,1.766,0.002,13.503,encode,33554432,1,1,BASELINE50X30,https://sez.print/baseline,28736
606,baseline-50x30,dot-buffer,35.115,0.149,15.153,2.754,0.002,17.057,pack,33554432,0,,,,
607,text-heavy,dot-buffer,30.172,0.182,0.000,9.299,0.001,20.690,pack,33554432,0,,,,
608,dense,dot-buffer,34.752,0.146,13.760,3.763,0.001,17.081,pack,33554432,0,,,,
609,minimal,dot-buffer,11.979,0.141,0.000,0.046,0.001,11.791,pack,33554432,0,,,,
610,barcode-small,dot-buffer,29.328,0.123,13.701,1.746,0.001,13.757,pack,33554432,0,,,,
611,baseline-50x30,dot-buffer,37.765,0.184,15.526,2.843,0.001,19.211,pack,33554432,0,,,,
612,text-heavy,dot-buffer,29.911,0.184,0.000,8.995,0.001,20.731,pack,33554432,0,,,,
613,dense,dot-buffer,34.755,0.139,15.433,2.526,0.001,16.656,pack,33554432,0,,,,
614,minimal,dot-buffer,11.935,0.159,0.000,0.044,0.001,11.731,pack,33554432,0,,,,
615,barcode-small,dot-buffer,29.437,0.143,13.727,1.738,0.001,13.827,pack,33554432,0,,,,
616,baseline-50x30,dot-buffer,35.193,0.144,15.326,2.797,0.002,16.924,pack,33554432,0,,,,
617,text-heavy,dot-buffer,30.033,0.194,0.000,9.163,0.001,20.675,pack,33554432,0,,,,
618,dense,dot-buffer,34.416,0.162,15.135,2.492,0.001,16.626,pack,33554432,0,,,,
619,minimal,dot-buffer,11.912,0.146,0.000,0.044,0.001,11.721,pack,33554432,0,,,,
620,barcode-small,dot-buffer,29.297,0.130,13.584,1.790,0.001,13.793,pack,33554432,0,,,,
621,baseline-50x30,dot-buffer,40.457,0.182,20.419,2.858,0.001,16.997,encode,33554432,0,,,,
622,text-heavy,dot-buffer,30.054,0.193,0.000,9.090,0.001,20.770,pack,33554432,0,,,,
623,dense,dot-buffer,49.079,0.188,29.811,2.503,0.002,16.576,encode,33554432,0,,,,
624,minimal,dot-buffer,12.057,0.179,0.000,0.047,0.001,11.830,pack,33554432,0,,,,
625,barcode-small,dot-buffer,29.374,0.164,13.693,1.758,0.001,13.758,pack,33554432,0,,,,
626,baseline-50x30,dot-buffer,35.286,1.821,13.639,2.768,0.002,17.056,pack,33554432,0,,,,
627,text-heavy,dot-buffer,30.156,0.169,0.000,9.117,0.001,20.869,pack,33554432,0,,,,
628,dense,dot-buffer,35.203,0.173,15.934,2.490,0.001,16.605,pack,33554432,0,,,,
629,minimal,dot-buffer,12.068,0.163,0.000,0.045,0.001,11.859,pack,33554432,0,,,,
630,barcode-small,dot-buffer,31.339,0.184,15.667,1.771,0.002,13.715,encode,33554432,0,,,,
631,baseline-50x30,dot-buffer,36.501,0.187,14.931,3.021,0.001,18.362,pack,33554432,0,,,,
632,text-heavy,dot-buffer,32.839,0.206,0.000,9.985,0.001,22.647,pack,33554432,0,,,,
633,dense,dot-buffer,37.881,0.193,16.887,2.750,0.002,18.049,pack,33554432,0,,,,
634,minimal,dot-buffer,13.891,0.181,0.000,0.044,0.001,13.665,pack,33554432,0,,,,
635,barcode-small,dot-buffer,33.697,0.190,16.572,1.904,0.001,15.030,encode,33554432,0,,,,
636,baseline-50x30,dot-buffer,36.740,0.173,14.871,3.066,0.001,18.629,pack,33554432,0,,,,
637,text-heavy,dot-buffer,32.956,0.172,0.000,10.064,0.001,22.719,pack,33554432,0,,,,
638,dense,dot-buffer,37.866,0.217,16.874,2.739,0.002,18.034,pack,33554432,0,,,,
639,minimal,dot-buffer,13.114,0.210,0.000,0.049,0.001,12.854,pack,33554432,0,,,,
640,barcode-small,dot-buffer,33.655,0.219,16.030,1.962,0.002,15.443,encode,33554432,0,,,,
641,baseline-50x30,dot-buffer,37.274,0.209,15.463,3.000,0.001,18.600,pack,33554432,0,,,,
642,text-heavy,dot-buffer,33.001,0.326,0.000,10.032,0.001,22.642,pack,33554432,0,,,,
643,dense,dot-buffer,37.952,1.876,15.233,2.704,0.001,18.137,pack,33554432,0,,,,
644,minimal,dot-buffer,13.059,0.229,0.000,0.059,0.001,12.770,pack,33554432,0,,,,
645,barcode-small,dot-buffer,33.658,0.168,16.725,1.894,0.002,14.869,encode,33554432,0,,,,
646,baseline-50x30,dot-buffer,37.375,0.217,14.909,2.997,0.001,19.251,pack,33554432,0,,,,
647,text-heavy,dot-buffer,34.358,0.202,0.000,11.712,0.001,22.444,pack,33554432,0,,,,
648,dense,dot-buffer,36.137,0.265,14.955,2.736,0.001,18.180,pack,33554432,0,,,,
649,minimal,dot-buffer,13.343,0.211,0.000,0.056,0.001,13.075,pack,33554432,0,,,,
650,barcode-small,dot-buffer,34.794,0.197,16.877,2.776,0.002,14.942,encode,33554432,0,,,,
651,baseline-50x30,dot-buffer,42.117,0.222,15.360,3.050,0.001,23.484,pack,33554432,0,,,,
652,text-heavy,dot-buffer,35.471,2.969,0.000,9.953,0.001,22.547,pack,33554432,0,,,,
653,dense,dot-buffer,36.271,0.149,15.113,2.725,0.001,18.283,pack,33554432,0,,,,
654,minimal,dot-buffer,13.041,0.173,0.000,0.057,0.001,12.811,pack,33554432,0,,,,
655,barcode-small,dot-buffer,34.074,0.148,17.114,1.921,0.001,14.890,encode,33554432,0,,,,
656,baseline-50x30,dot-buffer,38.360,0.184,16.659,3.082,0.002,18.433,pack,33554432,0,,,,
657,text-heavy,dot-buffer,34.882,0.161,0.000,9.918,0.001,24.801,pack,33554432,0,,,,
658,dense,dot-buffer,35.762,0.144,14.840,2.734,0.001,18.042,pack,33554432,0,,,,
659,minimal,dot-buffer,13.240,0.188,0.000,0.054,0.001,12.997,pack,33554432,0,,,,
660,barcode-small,dot-buffer,33.623,0.146,16.542,1.966,0.002,14.968,encode,33554432,0,,,,
661,baseline-50x30,dot-buffer,39.652,0.175,18.009,3.021,0.002,18.445,pack,33554432,0,,,,
662,text-heavy,dot-buffer,32.774,0.188,0.000,10.018,0.001,22.567,pack,33554432,0,,,,
663,dense,dot-buffer,36.276,0.165,15.153,2.697,0.001,18.260,pack,33554432,0,,,,
664,minimal,dot-buffer,13.966,0.162,0.000,0.048,0.001,13.756,pack,33554432,0,,,,
665,barcode-small,dot-buffer,33.597,1.887,14.961,1.916,0.001,14.832,encode,33554432,0,,,,
666,baseline-50x30,dot-buffer,38.129,0.154,16.475,3.099,0.001,18.401,pack,33554432,0,,,,
667,text-heavy,dot-buffer,33.707,0.190,0.000,10.004,0.001,23.512,pack,33554432,0,,,,
668,dense,dot-buffer,36.159,0.172,15.056,2.713,0.001,18.217,pack,33554432,0,,,,
669,minimal,dot-buffer,15.476,2.181,0.000,0.119,0.001,13.175,pack,33554432,0,,,,
670,barcode-small,dot-buffer,32.743,0.196,14.983,1.925,0.001,15.638,pack,33554432,0,,,,
671,baseline-50x30,dot-buffer,39.230,0.178,17.401,3.093,0.001,18.556,pack,33554432,0,,,,
672,text-heavy,dot-buffer,33.103,0.171,0.000,10.216,0.001,22.715,pack,33554432,0,,,,
673,dense,dot-buffer,37.671,0.158,16.442,2.752,0.001,18.318,pack,33554432,0,,,,
674,minimal,dot-buffer,13.269,0.175,0.000,0.049,0.001,13.044,pack,33554432,0,,,,
675,barcode-small,dot-buffer,32.016,0.139,14.941,1.910,0.001,15.026,pack,33554432,0,,,,
676,baseline-50x30,dot-buffer,38.496,0.202,16.478,3.044,0.002,18.771,pack,33554432,0,,,,
677,text-heavy,dot-buffer,32.753,0.174,0.000,9.896,0.001,22.682,pack,33554432,0,,,,
678,dense,dot-buffer,37.925,0.168,16.964,2.755,0.001,18.037,pack,33554432,0,,,,
679,minimal,dot-buffer,13.179,0.183,0.000,0.054,0.001,12.942,pack,33554432,0,,,,
680,barcode-small,dot-buffer,32.122,0.155,15.019,1.914,0.001,15.033,pack,33554432,0,,,,
681,baseline-50x30,dot-buffer,42.254,0.191,19.504,3.647,0.002,18.910,encode,33554432,0,,,,
682,text-heavy,dot-buffer,33.488,0.171,0.000,10.678,0.001,22.638,pack,33554432,0,,,,
683,dense,dot-buffer,37.613,0.165,16.534,2.696,0.027,18.190,pack,33554432,0,,,,
684,minimal,dot-buffer,13.030,0.153,0.000,0.050,0.001,12.826,pack,33554432,0,,,,
685,barcode-small,dot-buffer,31.965,0.169,14.963,2.007,0.001,14.825,encode,33554432,0,,,,
686,baseline-50x30,dot-buffer,38.471,0.165,16.744,3.040,0.002,18.520,pack,33554432,0,,,,
687,text-heavy,dot-buffer,32.732,0.151,0.000,10.085,0.001,22.495,pack,33554432,0,,,,
688,dense,dot-buffer,37.957,0.149,16.693,2.857,0.002,18.256,pack,33554432,0,,,,
689,minimal,dot-buffer,13.430,0.179,0.000,0.053,0.001,13.196,pack,33554432,0,,,,
690,barcode-small,dot-buffer,32.142,0.149,14.981,1.888,0.001,15.123,pack,33554432,0,,,,
691,baseline-50x30,dot-buffer,39.005,2.145,15.139,3.036,0.001,18.683,pack,33554432,0,,,,
692,text-heavy,dot-buffer,32.554,0.163,0.000,9.874,0.001,22.516,pack,33554432,0,,,,
693,dense,dot-buffer,37.659,0.146,16.702,2.704,0.001,18.105,pack,33554432,0,,,,
694,minimal,dot-buffer,13.855,0.177,0.000,0.050,0.001,13.628,pack,33554432,0,,,,
695,barcode-small,dot-buffer,34.085,0.154,16.995,1.921,0.001,15.013,encode,33554432,0,,,,
696,baseline-50x30,dot-buffer,36.461,0.147,14.779,2.995,0.001,18.539,pack,33554432,0,,,,
697,text-heavy,dot-buffer,33.498,0.162,0.000,9.870,0.001,23.464,pack,33554432,0,,,,
698,dense,dot-buffer,37.523,0.153,16.549,2.782,0.002,18.037,pack,33554432,0,,,,
699,minimal,dot-buffer,13.343,0.172,0.000,0.054,0.001,13.116,pack,33554432,0,,,,
700,barcode-small,dot-buffer,33.566,0.184,16.450,2.005,0.002,14.925,encode,33554432,1,1,BASELINE50X30,https://sez.print/baseline,28736
701,baseline-50x30,dot-buffer,36.955,0.207,15.132,3.148,0.001,18.467,pack,33554432,1,1,BASELINE50X30,https://sez.print/baseline,76204
702,text-heavy,dot-buffer,34.970,2.234,0.000,10.051,0.001,22.684,pack,33554432,1,1,,,133472
703,dense,dot-buffer,37.789,0.160,16.480,2.738,0.002,18.408,pack,33554432,1,1,BASELINE50X30,https://sez.print/baseline,71626
704,minimal,dot-buffer,13.112,0.167,0.000,0.053,0.001,12.890,pack,33554432,1,1,,,5184
705,barcode-small,dot-buffer,32.209,0.155,15.110,1.996,0.001,14.947,encode,33554432,1,1,BASELINE50X30,https://sez.print/baseline,28736
706,baseline-50x30,dot-buffer,37.213,0.147,15.218,3.061,0.001,18.786,pack,33554432,0,,,,
707,text-heavy,dot-buffer,33.663,0.188,0.000,9.974,0.001,23.499,pack,33554432,0,,,,
708,dense,dot-buffer,38.086,0.161,15.075,4.542,0.001,18.307,pack,33554432,0,,,,
709,minimal,dot-buffer,13.221,0.143,0.000,0.051,0.001,13.026,pack,33554432,0,,,,
710,barcode-small,dot-buffer,33.645,0.151,16.507,2.001,0.001,14.985,encode,33554432,0,,,,
711,baseline-50x30,dot-buffer,38.941,0.185,17.078,3.170,0.001,18.507,pack,33554432,0,,,,
712,text-heavy,dot-buffer,34.568,0.163,0.000,11.825,0.001,22.580,pack,33554432,0,,,,
713,dense,dot-buffer,36.802,0.153,14.950,2.705,0.001,18.993,pack,33554432,0,,,,
714,minimal,dot-buffer,13.094,0.176,0.000,0.055,0.001,12.863,pack,33554432,0,,,,
715,barcode-small,dot-buffer,34.272,0.141,17.363,1.980,0.001,14.786,encode,33554432,0,,,,
716,baseline-50x30,dot-buffer,37.523,0.211,14.943,2.990,0.001,19.379,pack,33554432,0,,,,
717,text-heavy,dot-buffer,34.481,2.042,0.000,9.935,0.001,22.503,pack,33554432,0,,,,
718,dense,dot-buffer,36.191,0.145,15.080,2.706,0.001,18.258,pack,33554432,0,,,,
719,minimal,dot-buffer,13.274,0.176,0.000,0.054,0.001,13.043,pack,33554432,0,,,,
720,barcode-small,dot-buffer,34.000,0.160,16.366,2.712,0.002,14.761,encode,33554432,0,,,,
721,baseline-50x30,dot-buffer,45.385,0.194,16.845,3.106,0.002,25.238,pack,33554432,0,,,,
722,text-heavy,dot-buffer,33.579,0.156,0.000,9.994,0.001,23.427,pack,33554432,0,,,,
723,dense,dot-buffer,35.946,0.156,14.873,2.693,0.001,18.222,pack,33554432,0,,,,
724,minimal,dot-buffer,13.155,0.161,0.000,0.048,0.001,12.945,pack,33554432,0,,,,
725,barcode-small,dot-buffer,34.089,0.168,16.982,1.964,0.001,14.974,encode,33554432,0,,,,
726,baseline-50x30,dot-buffer,39.401,0.218,16.767,3.974,0.001,18.441,pack,33554432,0,,,,
727,text-heavy,dot-buffer,32.963,0.180,0.000,10.004,0.001,22.778,pack,33554432,0,,,,
728,dense,dot-buffer,36.182,0.160,15.008,2.727,0.001,18.286,pack,33554432,0,,,,
729,minimal,dot-buffer,13.222,0.148,0.000,0.044,0.001,13.030,pack,33554432,0,,,,
730,barcode-small,dot-buffer,33.420,1.633,14.983,1.918,0.001,14.885,encode,33554432,0,,,,
731,baseline-50x30,dot-buffer,39.112,0.201,17.212,3.133,0.001,18.564,pack,33554432,0,,,,
732,text-heavy,dot-buffer,32.734,0.156,0.000,9.972,0.001,22.605,pack,33554432,0,,,,
733,dense,dot-buffer,36.390,0.157,15.079,2.875,0.001,18.278,pack,33554432,0,,,,
734,minimal,dot-buffer,14.756,1.799,0.000,0.056,0.001,12.899,pack,33554432,0,,,,
735,barcode-small,dot-buffer,32.183,0.184,15.139,1.899,0.001,14.960,encode,33554432,0,,,,
736,baseline-50x30,dot-buffer,42.301,0.138,20.705,3.065,0.001,18.392,encode,33554432,0,,,,
737,text-heavy,dot-buffer,34.872,0.242,0.000,10.768,0.002,23.861,pack,33554432,0,,,,
738,dense,dot-buffer,52.155,0.163,31.047,2.811,0.001,18.133,encode,33554432,0,,,,
739,minimal,dot-buffer,13.169,0.170,0.000,0.045,0.001,12.953,pack,33554432,0,,,,
740,barcode-small,dot-buffer,32.783,0.174,14.967,1.916,0.001,15.725,pack,33554432,0,,,,
741,baseline-50x30,dot-buffer,38.767,0.244,16.961,3.084,0.001,18.477,pack,33554432,0,,,,
742,text-heavy,dot-buffer,32.858,0.199,0.000,9.933,0.001,22.725,pack,33554432,0,,,,
743,dense,dot-buffer,38.029,0.181,16.732,2.795,0.001,18.320,pack,33554432,0,,,,
744,minimal,dot-buffer,13.139,0.172,0.000,0.047,0.001,12.919,pack,33554432,0,,,,
745,barcode-small,dot-buffer,32.033,0.179,14.832,1.986,0.001,15.035,pack,33554432,0,,,,
746,baseline-50x30,dot-buffer,38.138,0.172,16.410,3.004,0.002,18.550,pack,33554432,0,,,,
747,text-heavy,dot-buffer,32.898,0.190,0.000,9.924,0.001,22.783,pack,33554432,0,,,,
748,dense,dot-buffer,37.470,0.207,16.394,2.777,0.002,18.091,pack,33554432,0,,,,
749,minimal,dot-buffer,13.223,0.205,0.000,0.168,0.001,12.849,pack,33554432,0,,,,
750,barcode-small,dot-buffer,32.087,0.160,14.959,1.907,0.001,15.060,pack,33554432,0,,,,
751,baseline-50x30,dot-buffer,39.678,0.213,17.060,3.014,0.002,19.390,pack,33554432,0,,,,
752,text-heavy,dot-buffer,32.836,0.187,0.000,9.830,0.001,22.819,pack,33554432,0,,,,
753,dense,dot-buffer,37.890,0.180,16.781,2.759,0.001,18.169,pack,33554432,0,,,,
754,minimal,dot-buffer,13.335,0.218,0.000,0.056,0.001,13.061,pack,33554432,0,,,,
755,barcode-small,dot-buffer,32.616,0.176,15.566,1.902,0.001,14.971,encode,33554432,0,,,,
756,baseline-50x30,dot-buffer,39.667,2.216,15.225,3.087,0.001,19.139,pack,33554432,0,,,,
757,text-heavy,dot-buffer,32.796,0.203,0.000,9.961,0.001,22.631,pack,33554432,0,,,,
758,dense,dot-buffer,37.704,0.201,16.400,2.778,0.001,18.323,pack,33554432,0,,,,
759,minimal,dot-buffer,13.316,0.174,0.000,0.053,0.001,13.089,pack,33554432,0,,,,
760,barcode-small,dot-buffer,33.770,0.214,16.645,1.945,0.001,14.965,encode,33554432,0,,,,
761,baseline-50x30,dot-buffer,37.869,0.303,15.543,3.065,0.001,18.957,pack,33554432,0,,,,
762,text-heavy,dot-buffer,32.636,0.175,0.000,9.844,0.001,22.616,pack,33554432,0,,,,
763,dense,dot-buffer,37.923,0.200,16.779,2.727,0.002,18.216,pack,33554432,0,,,,
764,minimal,dot-buffer,13.315,0.194,0.000,0.050,0.001,13.070,pack,33554432,0,,,,
765,barcode-small,dot-buffer,33.364,0.152,16.410,1.966,0.002,14.835,encode,33554432,0,,,,
766,baseline-50x30,dot-buffer,35.775,0.148,14.928,3.032,0.001,17.666,pack,33554432,0,,,,
767,text-heavy,dot-buffer,30.604,0.144,0.000,9.056,0.001,21.403,pack,33554432,0,,,,
768,dense,dot-buffer,34.914,0.191,15.578,2.519,0.001,16.625,pack,33554432,0,,,,
769,minimal,dot-buffer,12.087,0.133,0.000,0.042,0.001,11.911,pack,33554432,0,,,,
770,barcode-small,dot-buffer,30.805,0.120,15.175,1.754,0.002,13.753,encode,33554432,0,,,,
771,baseline-50x30,dot-buffer,33.993,0.160,13.826,2.875,0.001,17.131,pack,33554432,0,,,,
772,text-heavy,dot-buffer,29.781,0.129,0.000,9.037,0.001,20.614,pack,33554432,0,,,,
773,dense,dot-buffer,34.857,1.861,13.783,2.554,0.001,16.658,pack,33554432,0,,,,
774,minimal,dot-buffer,12.113,0.175,0.000,0.050,0.001,11.887,pack,33554432,0,,,,
775,barcode-small,dot-buffer,30.859,0.169,15.231,1.769,0.001,13.689,encode,33554432,0,,,,
776,baseline-50x30,dot-buffer,33.786,0.148,13.717,2.902,0.001,17.019,pack,33554432,0,,,,
777,text-heavy,dot-buffer,31.539,0.163,0.000,10.624,0.002,20.749,pack,33554432,0,,,,
778,dense,dot-buffer,33.097,0.160,13.778,2.496,0.001,16.662,pack,33554432,0,,,,
779,minimal,dot-buffer,12.161,0.156,0.000,0.049,0.001,11.956,pack,33554432,0,,,,
780,barcode-small,dot-buffer,30.686,0.139,15.036,1.749,0.002,13.760,encode,33554432,0,,,,
781,baseline-50x30,dot-buffer,34.055,0.204,13.861,2.842,0.001,17.147,pack,33554432,0,,,,
782,text-heavy,dot-buffer,31.704,2.010,0.000,9.048,0.001,20.644,pack,33554432,0,,,,
783,dense,dot-buffer,33.251,0.196,13.711,2.659,0.001,16.684,pack,33554432,0,,,,
784,minimal,dot-buffer,11.950,0.146,0.000,0.048,0.001,11.755,pack,33554432,0,,,,
785,barcode-small,dot-buffer,30.915,0.157,15.329,1.770,0.001,13.658,encode,33554432,0,,,,
786,baseline-50x30,dot-buffer,35.107,0.156,15.266,2.770,0.001,16.914,pack,33554432,0,,,,
787,text-heavy,dot-buffer,30.318,0.154,0.000,9.417,0.001,20.746,pack,33554432,0,,,,
788,dense,dot-buffer,32.819,0.147,13.677,2.460,0.001,16.533,pack,33554432,0,,,,
789,minimal,dot-buffer,11.958,0.161,0.000,0.043,0.001,11.753,pack,33554432,0,,,,
790,barcode-small,dot-buffer,30.624,0.123,15.181,1.730,0.001,13.589,encode,33554432,0,,,,
791,baseline-50x30,dot-buffer,39.539,0.360,17.023,5.299,0.001,16.856,encode,33554432,0,,,,
792,text-heavy,dot-buffer,29.853,0.161,0.000,9.018,0.002,20.672,pack,33554432,0,,,,
793,dense,dot-buffer,33.144,0.189,13.684,2.545,0.001,16.726,pack,33554432,0,,,,
794,minimal,dot-buffer,11.977,0.194,0.000,0.054,0.001,11.728,pack,33554432,0,,,,
795,barcode-small,dot-buffer,31.179,2.050,13.653,1.755,0.001,13.721,pack,33554432,0,,,,
796,baseline-50x30,dot-buffer,35.019,0.199,15.102,2.825,0.002,16.891,pack,33554432,0,,,,
797,text-heavy,dot-buffer,30.667,0.143,0.000,9.116,0.001,21.406,pack,33554432,0,,,,
798,dense,dot-buffer,32.813,0.139,13.532,2.483,0.001,16.658,pack,33554432,0,,,,
799,minimal,dot-buffer,14.117,2.079,0.000,0.052,0.001,11.985,pack,33554432,0,,,,
800,barcode-small,dot-buffer,29.373,0.191,13.656,1.792,0.001,13.733,pack,33554432,1,1,BASELINE50X30,https://sez.print/baseline,28736
801,baseline-50x30,dot-buffer,36.032,0.163,16.082,2.777,0.002,17.009,pack,33554432,1,1,BASELINE50X30,https://sez.print/baseline,76204
802,text-heavy,dot-buffer,29.924,0.142,0.000,9.094,0.001,20.687,pack,33554432,1,1,,,133472
803,dense,dot-buffer,34.446,0.157,13.717,2.486,0.001,18.085,pack,33554432,1,1,BASELINE50X30,https://sez.print/baseline,71626
804,minimal,dot-buffer,12.100,0.148,0.000,0.044,0.001,11.908,pack,33554432,1,1,,,5184
805,barcode-small,dot-buffer,30.965,0.176,15.298,1.774,0.001,13.715,encode,33554432,1,1,BASELINE50X30,https://sez.print/baseline,28736
806,baseline-50x30,dot-buffer,35.206,0.152,15.094,2.916,0.002,17.042,pack,33554432,0,,,,
807,text-heavy,dot-buffer,29.804,0.134,0.000,8.979,0.001,20.691,pack,33554432,0,,,,
808,dense,dot-buffer,34.546,0.125,15.327,2.508,0.001,16.585,pack,33554432,0,,,,
809,minimal,dot-buffer,12.025,0.148,0.000,0.055,0.001,11.821,pack,33554432,0,,,,
810,barcode-small,dot-buffer,29.265,0.139,13.712,1.743,0.001,13.671,encode,33554432,0,,,,
811,baseline-50x30,dot-buffer,35.442,0.183,15.647,2.772,0.002,16.838,pack,33554432,0,,,,
812,text-heavy,dot-buffer,29.860,0.174,0.000,9.094,0.001,20.591,pack,33554432,0,,,,
813,dense,dot-buffer,35.040,0.199,15.464,2.892,0.002,16.484,pack,33554432,0,,,,
814,minimal,dot-buffer,11.965,0.133,0.000,0.044,0.001,11.786,pack,33554432,0,,,,
815,barcode-small,dot-buffer,29.324,0.149,13.759,1.745,0.001,13.669,encode,33554432,0,,,,
816,baseline-50x30,dot-buffer,35.115,0.149,15.146,2.816,0.001,17.003,pack,33554432,0,,,,
817,text-heavy,dot-buffer,30.074,0.159,0.000,9.167,0.001,20.748,pack,33554432,0,,,,
818,dense,dot-buffer,34.233,0.192,14.899,2.488,0.001,16.653,pack,33554432,0,,,,
819,minimal,dot-buffer,12.127,0.141,0.000,0.042,0.001,11.943,pack,33554432,0,,,,
820,barcode-small,dot-buffer,29.070,0.127,13.640,1.734,0.001,13.568,encode,33554432,0,,,,
821,baseline-50x30,dot-buffer,36.026,2.031,14.463,2.748,0.001,16.783,pack,33554432,0,,,,
822,text-heavy,dot-buffer,29.935,0.234,0.000,9.126,0.001,20.574,pack,33554432,0,,,,
823,dense,dot-buffer,34.995,0.144,15.689,2.538,0.001,16.623,pack,33554432,0,,,,
824,minimal,dot-buffer,12.107,0.142,0.000,0.047,0.001,11.917,pack,33554432,0,,,,
825,barcode-small,dot-buffer,30.984,0.148,15.391,1.761,0.001,13.683,encode,33554432,0,,,,
826,baseline-50x30,dot-buffer,33.557,0.171,13.601,2.812,0.001,16.973,pack,33554432,0,,,,
827,text-heavy,dot-buffer,29.946,0.136,0.000,9.054,0.001,20.754,pack,33554432,0,,,,
828,dense,dot-buffer,34.489,0.130,15.239,2.491,0.001,16.628,pack,33554432,0,,,,
829,minimal,dot-buffer,12.166,0.150,0.000,0.045,0.001,11.970,pack,33554432,0,,,,
830,barcode-small,dot-buffer,30.867,0.183,15.122,1.749,0.001,13.811,encode,33554432,0,,,,
831,baseline-50x30,dot-buffer,34.705,0.395,14.699,2.758,0.001,16.853,pack,33554432,0,,,,
832,text-heavy,dot-buffer,29.800,0.144,0.000,9.040,0.001,20.615,pack,33554432,0,,,,
833,dense,dot-buffer,34.544,0.141,15.467,2.462,0.002,16.473,pack,33554432,0,,,,
834,minimal,dot-buffer,11.986,0.171,0.000,0.050,0.001,11.764,pack,33554432,0,,,,
835,barcode-small,dot-buffer,31.013,0.152,15.230,1.885,0.002,13.745,encode,33554432,0,,,,
836,baseline-50x30,dot-buffer,33.651,0.148,13.660,2.821,0.001,17.021,pack,33554432,0,,,,
837,text-heavy,dot-buffer,30.095,0.183,0.000,9.269,0.002,20.641,pack,33554432,0,,,,
838,dense,dot-buffer,34.431,1.780,13.563,2.543,0.001,16.544,pack,33554432,0,,,,
839,minimal,dot-buffer,11.909,0.166,0.000,0.048,0.001,11.695,pack,33554432,0,,,,
840,barcode-small,dot-buffer,30.914,0.136,15.101,1.734,0.002,13.940,encode,33554432,0,,,,
841,baseline-50x30,dot-buffer,34.334,0.182,14.480,2.889,0.001,16.781,pack,33554432,0,,,,
842,text-heavy,dot-buffer,31.877,0.159,0.000,11.002,0.002,20.715,pack,33554432,0,,,,
843,dense,dot-buffer,32.884,0.174,13.750,2.481,0.001,16.478,pack,33554432,0,,,,
844,minimal,dot-buffer,12.054,0.147,0.000,0.047,0.001,11.858,pack,33554432,0,,,,
845,barcode-small,dot-buffer,30.730,0.143,15.256,1.792,0.001,13.538,encode,33554432,0,,,,
846,baseline-50x30,dot-buffer,33.419,0.207,13.567,2.791,0.001,16.853,pack,33554432,0,,,,
847,text-heavy,dot-buffer,36.229,6.628,0.000,9.014,0.001,20.586,pack,33554432,0,,,,
848,dense,dot-buffer,33.116,0.369,13.635,2.501,0.001,16.610,pack,33554432,0,,,,
849,minimal,dot-buffer,12.019,0.226,0.000,0.053,0.001,11.739,pack,33554432,0,,,,
850,barcode-small,dot-buffer,45.597,0.169,30.173,1.778,0.001,13.476,encode,33554432,0,,,,
851,baseline-50x30,dot-buffer,37.961,0.168,16.372,2.814,0.002,18.605,pack,33554432,0,,,,
852,text-heavy,dot-buffer,32.735,0.162,0.000,9.949,0.001,22.623,pack,33554432,0,,,,
853,dense,dot-buffer,36.297,0.165,15.229,2.734,0.001,18.168,pack,33554432,0,,,,
854,minimal,dot-buffer,13.123,0.172,0.000,0.048,0.001,12.902,pack,33554432,0,,,,
855,barcode-small,dot-buffer,33.821,0.157,16.786,1.904,0.002,14.971,encode,33554432,0,,,,
856,baseline-50x30,dot-buffer,37.970,0.163,16.458,3.048,0.002,18.300,pack,33554432,0,,,,
857,text-heavy,dot-buffer,32.631,0.172,0.000,9.884,0.001,22.574,pack,33554432,0,,,,
858,dense,dot-buffer,35.776,0.165,14.852,2.694,0.001,18.064,pack,33554432,0,,,,
859,minimal,dot-buffer,13.105,0.172,0.000,0.047,0.001,12.885,pack,33554432,0,,,,
860,barcode-small,dot-buffer,33.485,1.481,14.977,1.975,0.001,15.052,pack,33554432,0,,,,
861,baseline-50x30,dot-buffer,38.449,0.199,16.972,2.977,0.002,18.299,pack,33554432,0,,,,
862,text-heavy,dot-buffer,33.496,0.173,0.000,10.726,0.001,22.595,pack,33554432,0,,,,
863,dense,dot-buffer,35.659,0.187,14.630,2.699,0.001,18.141,pack,33554432,0,,,,
864,minimal,dot-buffer,15.105,2.114,0.000,0.063,0.001,12.927,pack,33554432,0,,,,
865,barcode-small,dot-buffer,31.986,0.172,14.934,1.894,0.001,14.985,pack,33554432,0,,,,
866,baseline-50x30,dot-buffer,38.017,0.190,16.361,2.983,0.001,18.482,pack,33554432,0,,,,
867,text-heavy,dot-buffer,32.736,0.286,0.000,9.952,0.001,22.497,pack,33554432,0,,,,
868,dense,dot-buffer,37.964,0.209,16.795,2.759,0.002,18.199,pack,33554432,0,,,,
869,minimal,dot-buffer,13.296,0.201,0.000,0.053,0.001,13.040,pack,33554432,0,,,,
870,barcode-small,dot-buffer,32.178,0.183,14.988,1.923,0.001,15.083,pack,33554432,0,,,,
871,baseline-50x30,dot-buffer,39.697,0.235,17.602,3.109,0.002,18.750,pack,33554432,0,,,,
872,text-heavy,dot-buffer,32.519,0.218,0.000,9.763,0.001,22.537,pack,33554432,0,,,,
873,dense,dot-buffer,38.025,0.171,16.616,2.862,0.002,18.375,pack,33554432,0,,,,
874,minimal,dot-buffer,13.299,0.196,0.000,0.050,0.001,13.053,pack,33554432,0,,,,
875,barcode-small,dot-buffer,32.119,0.206,14.969,1.899,0.001,15.045,pack,33554432,0,,,,
876,baseline-50x30,dot-buffer,38.357,0.204,16.566,3.051,0.002,18.534,pack,33554432,0,,,,
877,text-heavy,dot-buffer,32.810,0.177,0.000,9.917,0.001,22.715,pack,33554432,0,,,,
878,dense,dot-buffer,37.340,0.157,16.188,2.744,0.001,18.250,pack,33554432,0,,,,
879,minimal,dot-buffer,13.200,0.155,0.000,0.053,0.001,12.990,pack,33554432,0,,,,
880,barcode-small,dot-buffer,32.013,0.149,14.974,1.940,0.001,14.949,encode,33554432,0,,,,
881,baseline-50x30,dot-buffer,39.289,0.177,17.557,3.080,0.002,18.474,pack,33554432,0,,,,
882,text-heavy,dot-buffer,32.528,0.167,0.000,9.873,0.001,22.487,pack,33554432,0,,,,
883,dense,dot-buffer,37.451,0.155,16.549,2.682,0.001,18.063,pack,33554432,0,,,,
884,minimal,dot-buffer,13.204,0.183,0.000,0.054,0.001,12.966,pack,33554432,0,,,,
885,barcode-small,dot-buffer,32.104,0.172,14.969,1.898,0.001,15.064,pack,33554432,0,,,,
886,baseline-50x30,dot-buffer,38.420,1.832,14.959,3.233,0.001,18.394,pack,33554432,0,,,,
887,text-heavy,dot-buffer,32.716,0.189,0.000,10.007,0.001,22.519,pack,33554432,0,,,,
888,dense,dot-buffer,37.445,0.209,16.204,2.759,0.001,18.272,pack,33554432,0,,,,
889,minimal,dot-buffer,13.350,0.177,0.000,0.054,0.001,13.118,pack,33554432,0,,,,
890,barcode-small,dot-buffer,33.441,0.162,16.470,1.972,0.002,14.836,encode,33554432,0,,,,
891,baseline-50x30,dot-buffer,37.334,0.191,15.197,3.486,0.001,18.458,pack,33554432,0,,,,
892,text-heavy,dot-buffer,33.876,0.164,0.000,10.019,0.001,23.691,pack,33554432,0,,,,
893,dense,dot-buffer,38.123,0.162,16.961,2.769,0.002,18.229,pack,33554432,0,,,,
894,minimal,dot-buffer,13.309,0.144,0.000,0.046,0.001,13.118,pack,33554432,0,,,,
895,barcode-small,dot-buffer,33.393,0.139,16.402,1.943,0.002,14.907,encode,33554432,0,,,,
896,baseline-50x30,dot-buffer,36.620,0.158,14.860,3.042,0.001,18.560,pack,33554432,0,,,,
897,text-heavy,dot-buffer,32.793,0.173,0.000,10.031,0.001,22.588,pack,33554432,0,,,,
898,dense,dot-buffer,37.513,0.166,16.492,2.741,0.002,18.113,pack,33554432,0,,,,
899,minimal,dot-buffer,13.122,0.203,0.000,0.053,0.001,12.865,pack,33554432,0,,,,
900,barcode-small,dot-buffer,34.187,0.175,17.155,1.903,0.001,14.953,encode,33554432,1,1,BASELINE50X30,https://sez.print/baseline,28736
901,baseline-50x30,dot-buffer,39.230,0.197,17.276,3.200,0.001,18.555,pack,33554432,1,1,BASELINE50X30,https://sez.print/baseline,76204
902,text-heavy,dot-buffer,33.153,0.168,0.000,10.129,0.002,22.855,pack,33554432,1,1,,,133472
903,dense,dot-buffer,37.481,1.531,14.947,2.899,0.001,18.103,pack,33554432,1,1,BASELINE50X30,https://sez.print/baseline,71626
904,minimal,dot-buffer,13.194,0.196,0.000,0.056,0.001,12.940,pack,33554432,1,1,,,5184
905,barcode-small,dot-buffer,33.433,0.143,16.282,1.960,0.001,15.048,encode,33554432,1,1,BASELINE50X30,https://sez.print/baseline,28736
906,baseline-50x30,dot-buffer,36.991,0.156,14.982,3.059,0.001,18.794,pack,33554432,0,,,,
907,text-heavy,dot-buffer,34.740,0.171,0.000,11.868,0.001,22.700,pack,33554432,0,,,,
908,dense,dot-buffer,36.829,0.147,15.702,2.824,0.001,18.155,pack,33554432,0,,,,
909,minimal,dot-buffer,13.167,0.176,0.000,0.048,0.001,12.942,pack,33554432,0,,,,
910,barcode-small,dot-buffer,33.762,0.154,16.611,1.920,0.002,15.076,encode,33554432,0,,,,
911,baseline-50x30,dot-buffer,42.552,0.198,19.272,3.132,0.002,19.948,pack,33554432,0,,,,
912,text-heavy,dot-buffer,34.915,2.149,0.000,10.177,0.001,22.588,pack,33554432,0,,,,
913,dense,dot-buffer,36.286,0.158,15.007,2.855,0.001,18.266,pack,33554432,0,,,,
914,minimal,dot-buffer,13.165,0.156,0.000,0.056,0.001,12.953,pack,33554432,0,,,,
915,barcode-small,dot-buffer,33.369,0.155,16.427,1.913,0.001,14.873,encode,33554432,0,,,,
916,baseline-50x30,dot-buffer,38.591,0.181,16.399,3.050,0.001,18.960,pack,33554432,0,,,,
917,text-heavy,dot-buffer,33.436,0.149,0.000,9.941,0.001,23.345,pack,33554432,0,,,,
918,dense,dot-buffer,35.968,0.148,14.926,2.740,0.001,18.153,pack,33554432,0,,,,
919,minimal,dot-buffer,13.194,0.146,0.000,0.052,0.001,12.996,pack,33554432,0,,,,
920,barcode-small,dot-buffer,33.698,0.146,16.750,1.931,0.001,14.869,encode,33554432,0,,,,
921,baseline-50x30,dot-buffer,39.764,0.401,17.046,3.072,0.001,19.245,pack,33554432,0,,,,
922,text-heavy,dot-buffer,32.603,0.168,0.000,9.858,0.001,22.577,pack,33554432,0,,,,
923,dense,dot-buffer,36.084,0.154,14.934,2.816,0.001,18.178,pack,33554432,0,,,,
924,minimal,dot-buffer,13.273,0.154,0.000,0.050,0.001,13.068,pack,33554432,0,,,,
925,barcode-small,dot-buffer,33.953,2.109,14.939,1.918,0.001,14.986,pack,33554432,0,,,,
926,baseline-50x30,dot-buffer,37.980,0.167,16.220,3.058,0.001,18.534,pack,33554432,0,,,,
927,text-heavy,dot-buffer,32.552,0.206,0.000,9.777,0.001,22.567,pack,33554432,0,,,,
928,dense,dot-buffer,35.948,0.167,14.884,2.691,0.001,18.206,pack,33554432,0,,,,
929,minimal,dot-buffer,14.877,1.830,0.000,0.053,0.001,12.994,pack,33554432,0,,,,
930,barcode-small,dot-buffer,31.764,0.224,14.828,1.972,0.001,14.740,encode,33554432,0,,,,
931,baseline-50x30,dot-buffer,38.784,0.169,16.978,3.049,0.001,18.587,pack,33554432,0,,,,
932,text-heavy,dot-buffer,32.767,0.182,0.000,9.889,0.001,22.694,pack,33554432,0,,,,
933,dense,dot-buffer,37.675,0.166,16.683,2.734,0.001,18.089,pack,33554432,0,,,,
934,minimal,dot-buffer,13.181,0.151,0.000,0.048,0.001,12.981,pack,33554432,0,,,,
935,barcode-small,dot-buffer,32.067,0.137,15.037,1.884,0.001,15.009,encode,33554432,0,,,,
936,baseline-50x30,dot-buffer,38.501,0.171,16.580,3.068,0.001,18.681,pack,33554432,0,,,,
937,text-heavy,dot-buffer,33.041,0.213,0.000,10.120,0.001,22.706,pack,33554432,0,,,,
938,dense,dot-buffer,38.610,0.164,16.712,2.783,0.001,18.950,pack,33554432,0,,,,
939,minimal,dot-buffer,13.143,0.157,0.000,0.052,0.001,12.934,pack,33554432,0,,,,
940,barcode-small,dot-buffer,32.215,0.162,15.031,1.932,0.001,15.090,pack,33554432,0,,,,
941,baseline-50x30,dot-buffer,39.398,0.176,17.077,2.972,0.002,19.172,pack,33554432,0,,,,
942,text-heavy,dot-buffer,32.720,0.232,0.000,9.859,0.001,22.628,pack,33554432,0,,,,
943,dense,dot-buffer,38.077,0.165,16.631,2.724,0.002,18.555,pack,33554432,0,,,,
944,minimal,dot-buffer,13.087,0.160,0.000,0.049,0.001,12.876,pack,33554432,0,,,,
945,barcode-small,dot-buffer,32.267,0.142,15.375,1.889,0.001,14.860,encode,33554432,0,,,,
946,baseline-50x30,dot-buffer,38.328,0.152,16.598,3.029,0.001,18.549,pack,33554432,0,,,,
947,text-heavy,dot-buffer,32.814,0.171,0.000,9.991,0.001,22.650,pack,33554432,0,,,,
948,dense,dot-buffer,38.117,0.187,16.916,2.776,0.002,18.237,pack,33554432,0,,,,
949,minimal,dot-buffer,13.271,0.142,0.000,0.046,0.001,13.082,pack,33554432,0,,,,
950,barcode-small,dot-buffer,32.140,0.159,15.081,1.951,0.001,14.948,encode,33554432,0,,,,
951,baseline-50x30,dot-buffer,39.326,2.068,15.433,3.027,0.001,18.798,pack,33554432,0,,,,
952,text-heavy,dot-buffer,32.670,0.164,0.000,9.934,0.001,22.571,pack,33554432,0,,,,
953,dense,dot-buffer,38.451,0.159,16.667,2.758,0.001,18.865,pack,33554432,0,,,,
954,minimal,dot-buffer,13.067,0.179,0.000,0.053,0.001,12.833,pack,33554432,0,,,,
955,barcode-small,dot-buffer,33.931,0.145,16.752,1.966,0.001,15.066,encode,33554432,0,,,,
956,baseline-50x30,dot-buffer,36.996,0.173,15.193,3.008,0.001,18.621,pack,33554432,0,,,,
957,text-heavy,dot-buffer,33.580,0.177,0.000,10.803,0.002,22.598,pack,33554432,0,,,,
958,dense,dot-buffer,38.473,0.156,17.314,2.799,0.002,18.203,pack,33554432,0,,,,
959,minimal,dot-buffer,13.121,0.185,0.000,0.050,0.001,12.885,pack,33554432,0,,,,
960,barcode-small,dot-buffer,34.123,0.172,16.924,1.980,0.001,15.047,encode,33554432,0,,,,
961,baseline-50x30,dot-buffer,37.046,0.177,15.097,3.082,0.001,18.688,pack,33554432,0,,,,
962,text-heavy,dot-buffer,32.690,0.154,0.000,9.794,0.001,22.740,pack,33554432,0,,,,
963,dense,dot-buffer,41.544,0.143,20.465,2.741,0.001,18.194,encode,33554432,0,,,,
964,minimal,dot-buffer,13.036,0.193,0.000,0.048,0.001,12.793,pack,33554432,0,,,,
965,barcode-small,dot-buffer,48.965,0.209,31.671,1.919,0.001,15.165,encode,33554432,0,,,,
966,baseline-50x30,dot-buffer,36.837,0.172,15.026,3.025,0.001,18.613,pack,33554432,0,,,,
967,text-heavy,dot-buffer,33.075,0.160,0.000,10.040,0.001,22.875,pack,33554432,0,,,,
968,dense,dot-buffer,38.460,2.001,15.648,2.740,0.001,18.070,pack,33554432,0,,,,
969,minimal,dot-buffer,13.231,0.209,0.000,0.049,0.001,12.971,pack,33554432,0,,,,
970,barcode-small,dot-buffer,34.079,0.180,16.746,2.023,0.002,15.128,encode,33554432,0,,,,
971,baseline-50x30,dot-buffer,37.036,0.212,15.265,3.004,0.001,18.554,pack,33554432,0,,,,
972,text-heavy,dot-buffer,35.059,0.160,0.000,12.168,0.002,22.730,pack,33554432,0,,,,
973,dense,dot-buffer,35.981,0.190,14.976,2.715,0.001,18.099,pack,33554432,0,,,,
974,minimal,dot-buffer,13.178,0.168,0.000,0.043,0.001,12.966,pack,33554432,0,,,,
975,barcode-small,dot-buffer,33.825,0.222,16.684,1.960,0.002,14.957,encode,33554432,0,,,,
976,baseline-50x30,dot-buffer,36.847,0.183,14.834,3.324,0.001,18.506,pack,33554432,0,,,,
977,text-heavy,dot-buffer,35.038,1.933,0.000,9.950,0.001,23.154,pack,33554432,0,,,,
978,dense,dot-buffer,36.065,0.183,14.925,2.746,0.001,18.210,pack,33554432,0,,,,
979,minimal,dot-buffer,13.117,0.176,0.000,0.102,0.001,12.838,pack,33554432,0,,,,
980,barcode-small,dot-buffer,33.491,0.155,16.624,1.908,0.002,14.803,encode,33554432,0,,,,
981,baseline-50x30,dot-buffer,39.923,0.215,17.359,3.351,0.002,18.997,pack,33554432,0,,,,
982,text-heavy,dot-buffer,32.627,0.161,0.000,9.786,0.001,22.678,pack,33554432,0,,,,
983,dense,dot-buffer,36.119,0.174,15.142,2.708,0.002,18.093,pack,33554432,0,,,,
984,minimal,dot-buffer,13.098,0.223,0.000,0.049,0.001,12.826,pack,33554432,0,,,,
985,barcode-small,dot-buffer,33.899,0.167,16.819,1.950,0.002,14.962,encode,33554432,0,,,,
986,baseline-50x30,dot-buffer,38.086,0.178,16.385,3.024,0.002,18.497,pack,33554432,0,,,,
987,text-heavy,dot-buffer,33.643,0.189,0.000,10.738,0.001,22.714,pack,33554432,0,,,,
988,dense,dot-buffer,36.267,0.190,14.979,2.704,0.001,18.393,pack,33554432,0,,,,
989,minimal,dot-buffer,13.280,0.198,0.000,0.051,0.001,13.031,pack,33554432,0,,,,
990,barcode-small,dot-buffer,34.277,2.332,15.133,1.929,0.001,14.881,encode,33554432,0,,,,
991,baseline-50x30,dot-buffer,38.857,0.237,17.240,3.013,0.002,18.366,pack,33554432,0,,,,
992,text-heavy,dot-buffer,32.637,0.188,0.000,9.908,0.001,22.541,pack,33554432,0,,,,
993,dense,dot-buffer,36.060,0.144,14.976,2.698,0.001,18.241,pack,33554432,0,,,,
994,minimal,dot-buffer,14.852,1.778,0.000,0.055,0.001,13.018,pack,33554432,0,,,,
995,barcode-small,dot-buffer,31.806,0.154,14.927,1.918,0.001,14.805,encode,33554432,0,,,,
996,baseline-50x30,dot-buffer,37.910,0.138,16.166,3.011,0.002,18.592,pack,33554432,0,,,,
997,text-heavy,dot-buffer,32.751,0.150,0.000,9.914,0.001,22.686,pack,33554432,0,,,,
998,dense,dot-buffer,38.135,0.157,16.314,2.772,0.001,18.891,pack,33554432,0,,,,
999,minimal,dot-buffer,13.149,0.174,0.000,0.050,0.001,12.924,pack,33554432,0,,,,
1000,barcode-small,dot-buffer,31.736,0.167,14.859,1.900,0.001,14.808,encode,33554432,1,1,BASELINE50X30,https://sez.print/baseline,28736
